VENDOR NAME,VENDOR TYPE,PAYMENT TERMS,VENDOR CODE,TIN,DEPT_CODE,BUSINESS TYPE,VENDOR_CODE_02,DEPT_CODE_02,TERMS_PAYMENT_02
2M2N MARKETING,OUTRIGHT,IMMEDIATE,200165,214692840000,37|50,SOLE PROPRIETORSHIP,204229,72,IMMEDIATE
2ND GENERATION GARMENT INDUSTRY,OUTRIGHT,60 DAYS,190895,103881210000,11|12|13|17|18|19|20|43|73|74|8,SOLE PROPRIETORSHIP,194087,0,IMMEDIATE
3ESMZ CORPORATION,OUTRIGHT,30 DAYS,200544,009953620000,80,CORPORATION,204262,80,IMMEDIATE
3-J PLASTICWORLD & MANUFACTURING CORP.,OUTRIGHT,60 DAYS,200353,223884017000,25|29|36|50,CORPORATION,204190,29|38|83,IMMEDIATE
8 CIRCLE COMMERCIAL,OUTRIGHT,IMMEDIATE,050196,208491916000,21,CORPORATION,54083,34|52|78,IMMEDIATE
98 JDA DESIGNS INC.,OUTRIGHT,60 DAYS,140145,229711085000,11|12|13|14|19,CORPORATION,144102,14,IMMEDIATE
A&S BOOKS PUBLISHING CORPORATION,STORE CONSIGNOR,IMMEDIATE,014258,007000884000,33,CORPORATION,260298,78,60 DAYS
A.T.C. HEALTH CARE INT'L CORP.,OUTRIGHT,60 DAYS,260196,243774694000,92,CORPORATION,14211,0,IMMEDIATE
A-2-Z INTL DISTRIBUTION INC,STORE CONSIGNOR,IMMEDIATE,014232,006941530000,26,CORPORATION,260202,26,IMMEDIATE
ABS-CBN PUBLISHING INC,STORE CONSIGNOR,IMMEDIATE,014015,001840790000,25|50|52|68|78|92,CORPORATION,10508,0,30 DAYS
ACC INTERNATIONAL TRADING,STORE CONSIGNOR,IMMEDIATE,014284,436393389000,92,SOLE PROPRIETORSHIP,260346,68|80|92,IMMEDIATE
ACCENTUATIONS ENTERPRISES INC,STORE CONSIGNOR,IMMEDIATE,014223,244269777000,33,CORPORATION,260331,33|37,60 DAYS
"ACCUPOINT SYSTEMS, INC.",OUTRIGHT,IMMEDIATE,010581,004629525000,21|68|78,CORPORATION,14049,78,IMMEDIATE
ACHIEVE ENTERPRISES,STORE CONSIGNOR,IMMEDIATE,014076,218460182000,29|34|68,SOLE PROPRIETORSHIP,10275,0,IMMEDIATE
ADVANI APPAREL INC,OUTRIGHT,60 DAYS,010787,004641304000,11|13|17|18|19|20|33|35|37|50,CORPORATION,14276,37|83,IMMEDIATE
AEO INTERNATIONAL FOOD CORPORATION,OUTRIGHT,30 DAYS,010240,004275463000,33|80,CORPORATION,14034,80,IMMEDIATE
AHAM CORPORATION,OUTRIGHT,60 DAYS,010760,218769741000,34,CORPORATION,14206,35|83,IMMEDIATE
ALBETTIE LEATHER PRODUCTS,STORE CONSIGNOR,IMMEDIATE,014024,100143768,22,SOLE PROPRIETORSHIP,10067,0,IMMEDIATE
ALEXANDER'S WEAR INT'L CORPORATION,STORE CONSIGNOR,IMMEDIATE,014192,249314040000,11|13|15|19,CORPORATION,260144,13|20|33|81,IMMEDIATE
"ALEXIS MARKETING, INC.",OUTRIGHT,60 DAYS,010773,002723605000,13|22|23|68,CORPORATION,14074,22,IMMEDIATE
ALL PURPOSE APPLIANCES & MULTI PRODUCTSINC,STORE CONSIGNOR,IMMEDIATE,014244,007487663000,34,CORPORATION,260405,34,IMMEDIATE
ALL THAT BLUSH TRADING INC.,STORE CONSIGNOR,IMMEDIATE,014306,009114115000,92,CORPORATION,260432,92,IMMEDIATE
ALL THINGS BABY INC.,STORE CONSIGNOR,IMMEDIATE,014303,008968770000,25,CORPORATION,260372,25,IMMEDIATE
ALLIED PREMIUM CLOTHING INC,STORE CONSIGNOR,IMMEDIATE,014259,007643440000,11|12|14,CORPORATION,260255,11|12|14,IMMEDIATE
ALLY BABY CARE STATION CO,STORE CONSIGNOR,IMMEDIATE,014245,007622989000,25,PARTNERSHIP,260212,92,IMMEDIATE
ALPHAHEIGHTS INC,STORE CONSIGNOR,IMMEDIATE,014282,008182672000,25|68,CORPORATION,260317,68,IMMEDIATE
ALRIVER EXPORT CORPORATION,STORE CONSIGNOR,IMMEDIATE,014159,002011998000,33,CORPORATION,260165,33,30 DAYS
AMELIE ENTERPRICES,STORE CONSIGNOR,IMMEDIATE,014240,930454630000,33,SOLE PROPRIETORSHIP,260215,0,IMMEDIATE
AMERICAN STAR APPAREL PHILS. INC.,STORE CONSIGNOR,IMMEDIATE,014118,207524843000,11|14|18|21,CORPORATION,10547,0,IMMEDIATE
"AMERICAN TECHNOLOGIES, INC.",STORE CONSIGNOR,IMMEDIATE,014317,000329993000,25|35|83,CORPORATION,260340,33,IMMEDIATE
AMITY INTERNATIONAL SALES CORPORATION,OUTRIGHT,60 DAYS,010591,004819112000,29|30|32|50,CORPORATION,14288,32|83,IMMEDIATE
AMPRO PET NUTRITION INC,OUTRIGHT,60 DAYS,010894,207414592000,50|72,CORPORATION,14150,72,IMMEDIATE
AMPULLA CORP.,STORE CONSIGNOR,IMMEDIATE,014291,006355568000,33,CORPORATION,260280,33,IMMEDIATE
AND-DRIM MARKETING,STORE CONSIGNOR,IMMEDIATE,014272,222540704000,37|83,SOLE PROPRIETORSHIP,260285,37,60 DAYS
ANIMAL SCIENCE CENTERLINE PET SUPPLY,STORE CONSIGNOR,IMMEDIATE,014249,145997794001,72,SOLE PROPRIETORSHIP,260235,72,30 DAYS
ANIMALSCIENCE INC,STORE CONSIGNOR,IMMEDIATE,014266,006945583000,72,CORPORATION,260198,72,30 DAYS
ANNAIAH MARKETING CORPORATION,STORE CONSIGNOR,IMMEDIATE,014309,008876631000,29|35|36|50|68|83,CORPORATION,260379,34|36|92,IMMEDIATE
ANNE'S KASTLE ENTERPRISES CO.,STORE CONSIGNOR,IMMEDIATE,014167,242611172000,25,PARTNERSHIP,260152,25|37,60 DAYS
ANTHOLOGY INC,STORE CONSIGNOR,IMMEDIATE,014263,007433068000,2,CORPORATION,260286,1,IMMEDIATE
"ANYO APPAREL, INC.",STORE CONSIGNOR,IMMEDIATE,014290,006980472000,12,CORPORATION,260163,12|43,60 DAYS
AOKI FURNITURE & PLASTIC CO.,STORE CONSIGNOR,IMMEDIATE,014312,236345565000,29|83,PARTNERSHIP,260385,29|37|50,60 DAYS
A-ONE GARMENTS PRINT HOUSE INC.,STORE CONSIGNOR,IMMEDIATE,014254,006678928000,13,CORPORATION,260413,13|14|17|18|19,IMMEDIATE
APOLLOPLUS CAPITAL INC.,STORE CONSIGNOR,IMMEDIATE,014314,007370443000,92,CORPORATION,260388,92,60 DAYS
ARANAZ DE LUJO INC.,STORE CONSIGNOR,IMMEDIATE,014302,008531771000,33,CORPORATION,260368,33,60 DAYS
ARCIFORM CORP.,STORE CONSIGNOR,IMMEDIATE,014208,007015202000,21|22,CORPORATION,260167,0,IMMEDIATE
ARDENT WORLD INC,OUTRIGHT,60 DAYS,010920,221443067000,92,CORPORATION,14068,92,IMMEDIATE
ARETEI FOODS CORPORATION,STORE CONSIGNOR,IMMEDIATE,014296,008196155000,80,CORPORATION,260384,33|80|82,30 DAYS
ARINAWAN MANUFACTURING CORPORATION,STORE CONSIGNOR,IMMEDIATE,014300,008968560000,25,CORPORATION,260358,24|25|37|82,60 DAYS
ARTIST VILLAGE ENTERPRISE,STORE CONSIGNOR,IMMEDIATE,014019,216873393000,33,SOLE PROPRIETORSHIP,260256,33,IMMEDIATE
ASHLAR INDUSTRIAL CORPORATION,OUTRIGHT,60 DAYS,010765,000248490000,25|29|35|36|38|50,CORPORATION,14067,25|29|36|50|83,IMMEDIATE
ASIA PACIFIC COSMETICS PHILS. CORP.,STORE CONSIGNOR,IMMEDIATE,014112,205570348000,22|29|35|37|38|92,CORPORATION,260238,92,IMMEDIATE
ASIATYPE DISTRIBUTION INCORPORATED,STORE CONSIGNOR,IMMEDIATE,014179,241815394000,33|34|50|72|78,CORPORATION,10990,0,IMMEDIATE
"ASILO DE' COR HOME ACCENTS, INC.",STORE CONSIGNOR,IMMEDIATE,014278,008480788000,30|50,CORPORATION,260320,25,IMMEDIATE
ASSOCIATED TRADING CORPORATION,STORE CONSIGNOR,IMMEDIATE,014048,000328640000,68,CORPORATION,10208,0,IMMEDIATE
ASTECH PENGSON DISTRIBUTORS INC,OUTRIGHT,60 DAYS,010372,000135770000,34|50|78,CORPORATION,14202,0,IMMEDIATE
ATLANTA INDUSTRIES INC,STORE CONSIGNOR,IMMEDIATE,014055,000840580000,50,CORPORATION,10583,0,IMMEDIATE
"ATLAS HOME PRODUCTS, INC.",OUTRIGHT,IMMEDIATE,010785,225959316000,22|25|32|34|35|36|38|50|68|78|92,CORPORATION,14134,29|30|32|35|36|37|38|50|68|83,IMMEDIATE
ATMADY CORPORATION,STORE CONSIGNOR,IMMEDIATE,014287,008800374000,25,CORPORATION,260353,25,IMMEDIATE
AVALON TECHNICAL INT'L TRADING CORP.,STORE CONSIGNOR,IMMEDIATE,014315,008778725000,34,CORPORATION,260339,34,60 DAYS
AVESCO MARKETING CORPORATION,OUTRIGHT,60 DAYS,010262,000400152000,50,CORPORATION,14132,50,IMMEDIATE
AVLI BIOCARE INC,STORE CONSIGNOR,IMMEDIATE,014316,008243037000,72,CORPORATION,260397,72,60 DAYS
B.R. CHUA ENTERPRISES INC.,STORE CONSIGNOR,IMMEDIATE,024050,200005235000,30,CORPORATION,20829,0,IMMEDIATE
B.U.M. EQUIPMENT INCORPORATED,STORE CONSIGNOR,IMMEDIATE,024020,004821253000,14|18,CORPORATION,20027,0,IMMEDIATE
B.W.W. TRADING,OUTRIGHT,60 DAYS,020179,201655108,37|38,CORPORATION,24188,37,IMMEDIATE
BABYDRAGON TRADING,OUTRIGHT,IMMEDIATE,020563,405944113000,25,SOLE PROPRIETORSHIP,24246,25,IMMEDIATE
"BAN KEE TRADING, INCORPORATED",OUTRIGHT,IMMEDIATE,020671,000051044000,25|33|50|68|80|81,CORPORATION,24045,25|30|68|92,IMMEDIATE
"BANBROS COMMERCIAL, INCORPORATED",OUTRIGHT,60 DAYS,020369,005028570000,34|53|68|78,CORPORATION,24049,34|68|78,IMMEDIATE
BANIX MANUFACTURING INCORPORATED,OUTRIGHT,IMMEDIATE,020879,005286281000,13|81,CORPORATION,24071,13,IMMEDIATE
BASIC CLOTHING INTERNATIONAL MFG.,STORE CONSIGNOR,IMMEDIATE,024034,115147209000,11|12|13|14|19,CORPORATION,20008,0,IMMEDIATE
BAYNES AND ASSOCIATES INC.,OUTRIGHT,IMMEDIATE,020540,243664365000,33,CORPORATION,234082,30|37|83,IMMEDIATE
BCP DERMATOLOGICAL CORP,OUTRIGHT,IMMEDIATE,020322,201519801000,92,CORPORATION,24146,0,IMMEDIATE
BEAUTY BLENDS INC,OUTRIGHT,60 DAYS,020335,223253390000,24|92,CORPORATION,24115,0,IMMEDIATE
BEAUTY CONCEPT SALON EQPT AND BEAUTYSUPPLY INC,STORE CONSIGNOR,IMMEDIATE,024067,005415243000,92,CORPORATION,20863,0,IMMEDIATE
BEAUTY LINES TRADING INTERNATIONAL,OUTRIGHT,IMMEDIATE,020184,188793321000,21|22|23|92,SOLE PROPRIETORSHIP,24079,22|92,IMMEDIATE
BEAUTYPLUS FOREVER INTERNATIONAL INC.,OUTRIGHT,N/A,020515,009187667000,92,CORPORATION,24236,38|83,IMMEDIATE
"BEAWMONT DISTRIBUTIONS, INC.",OUTRIGHT,IMMEDIATE,020304,005252492000,78,CORPORATION,24064,60|78,IMMEDIATE
BEDAN ANIMAL CARE INC,OUTRIGHT,60 DAYS,020471,008326151000,72,CORPORATION,24215,72,IMMEDIATE
BEEGGYMEN TRADE CENTER,OUTRIGHT,IMMEDIATE,020710,176043397000,33|80,SOLE PROPRIETORSHIP,24144,33|80|92,IMMEDIATE
"BELEXIS CONCEPTS, INC.",OUTRIGHT,60 DAYS,020396,007430195000,34,CORPORATION,24190,34|78,IMMEDIATE
BENEWELL DISTRIBUTORS,OUTRIGHT,IMMEDIATE,020160,122478996000,50,SOLE PROPRIETORSHIP,24187,1,IMMEDIATE
BESTSOURCE GENERAL MDSG. INC.,OUTRIGHT,60 DAYS,020469,008352831000,1|2|24|3,CORPORATION,24207,1|2,IMMEDIATE
BESTWORLD HOUSEWARE CO,OUTRIGHT,60 DAYS,020461,008436527000,29|35|36,PARTNERSHIP,24211,36|83,IMMEDIATE
BHAGI'S INTERNATIONAL TRADING CORP,OUTRIGHT,COD 7 DAYS,020084,000328416000,32|34|35|50|92,CORPORATION,24173,34|92,IMMEDIATE
BIFFANY AND BERYL CO LTD,OUTRIGHT,60 DAYS,020409,007318821000,30|32,PARTNERSHIP,24199,32|83,IMMEDIATE
BIG BEN MARKETING INC,OUTRIGHT,60 DAYS,020432,008224564000,38|68,CORPORATION,24235,68,IMMEDIATE
BIG E FOOD CORPORATION,OUTRIGHT,30 DAYS,020119,206635526000,80,CORPORATION,24035,0,IMMEDIATE
BIG_BOY_CONSUMER_SALES_INC,OUTRIGHT,IMMEDIATE,020366,006982545000,50,CORPORATION,24178,50,IMMEDIATE
BIO RESEARCH INC,OUTRIGHT,IMMEDIATE,020357,000412095000,72,CORPORATION,24075,50|72,IMMEDIATE
BIOCOSTECH PHILIPPINES CORPORATION,OUTRIGHT,60 DAYS,020358,006792637000,92,CORPORATION,24161,92,IMMEDIATE
BIZMODE INC,OUTRIGHT,IMMEDIATE,020123,209477965000,22|25|37,CORPORATION,24051,25,IMMEDIATE
BL PRIME INTERNATIONAL CO.,OUTRIGHT,IMMEDIATE,020462,008405100000,30|50,PARTNERSHIP,24208,30|50,IMMEDIATE
BLOOMING HANDKERCHIEFS MFG CORP,OUTRIGHT,IMMEDIATE,020807,004839884000,21|22|23|25|3|68|81,CORPORATION,24072,21|23|37|68|81|92,IMMEDIATE
BLOOMING VENTURES INC,OUTRIGHT,60 DAYS,020182,004614878000,22|24,CORPORATION,24192,22|92,IMMEDIATE
BLUE AL INC,OUTRIGHT,60 DAYS,020370,006979260000,92,CORPORATION,24214,68|72|92,IMMEDIATE
BLUEFISH DIGITAL MEDIA TECH CORP,OUTRIGHT,60 DAYS,020354,236300352000,34|50,CORPORATION,24143,34|50|92,IMMEDIATE
BMD CREATIVE STITCHES INC.,OUTRIGHT,IMMEDIATE,020495,008883365000,37,CORPORATION,24223,25,IMMEDIATE
BMTQ MARKETING,OUTRIGHT,IMMEDIATE,020514,108020964000,56,SOLE PROPRIETORSHIP,24159,37|83,IMMEDIATE
BOCALO MANUFACTURING CORP,STORE CONSIGNOR,IMMEDIATE,024063,000857724000,2,CORPORATION,20616,0,IMMEDIATE
BODY NEEDS & BASICS INC,OUTRIGHT,30 DAYS,020599,000109052000,80|92,CORPORATION,24082,0,IMMEDIATE
BOMA ONE PACIFIC CORPORATION,STORE CONSIGNOR,IMMEDIATE,024158,220383500000,33|72|92,CORPORATION,20209,0,60 DAYS
BON-BON MERCHANDISERS SALES CORPORATION,STORE CONSIGNOR,IMMEDIATE,024024,200042853000,24,CORPORATION,20837,0,IMMEDIATE
BORDERLESS EXCHANGE ENTERPRISES INC.,OUTRIGHT,60 DAYS,020489,226054524000,25|72,CORPORATION,24219,25,IMMEDIATE
BOSSINI GARMENTS CORP,OUTRIGHT,IMMEDIATE,020609,000851334000,11|12|13|14|17|18|43,CORPORATION,24005,11|12|13|14,IMMEDIATE
BRADY PHARMA INC.,OUTRIGHT,60 DAYS,020436,007914456000,92,CORPORATION,24220,92,IMMEDIATE
"BRAND & LIFESTYLE DEVELOPMENT PARTNERS,INC.",OUTRIGHT,30 DAYS,020390,007051666000,81|82,CORPORATION,24183,81,IMMEDIATE
BRAND MART SOLUTIONS CO.,OUTRIGHT,IMMEDIATE,020530,009319552000,68|80,CORPORATION,24244,53,IMMEDIATE
BRAND WORKS ACCESSORIES MDSG CORP,OUTRIGHT,60 DAYS,020381,007263812000,81,CORPORATION,24176,68|81,IMMEDIATE
BRATT SUPREME APPAREL INC,OUTRIGHT,IMMEDIATE,020270,236470416000,13|17|18|19,CORPORATION,24114,13|18,IMMEDIATE
"BRIDGECOM PRIME DISTRIBUTION, INC.",OUTRIGHT,60 DAYS,020536,008775031000,26,CORPORATION,24231,25|78,IMMEDIATE
BRIGHT RAY ENTERPRISES,OUTRIGHT,IMMEDIATE,020535,123524608000,92,SOLE PROPRIETORSHIP,24213,92,IMMEDIATE
BRILLS MRKTG. CORP.,OUTRIGHT,IMMEDIATE,020021,005679709005,32,CORPORATION,24076,29|32|34|50|83,IMMEDIATE
BRISTOL SHOES & SHOE FACTORY,OUTRIGHT,IMMEDIATE,020517,104014530000,1,SOLE PROPRIETORSHIP,24154,1,IMMEDIATE
BUCKWISE TRADING CORPORATION,OUTRIGHT,IMMEDIATE,020307,236460245000,26,CORPORATION,24111,24,IMMEDIATE
BUDDY KIDS MANUFACTURING,STORE CONSIGNOR,IMMEDIATE,024104,104012128000,14|17|3|7,SOLE PROPRIETORSHIP,20286,0,IMMEDIATE
"BURLINGTON INDUSTRIES PHILIPPINES,INCORPORATED",OUTRIGHT,IMMEDIATE,020695,000132956000,21|82|92,CORPORATION,24017,1|2|21|22|23|3|66|68,IMMEDIATE
C. KOK INTERNATIONAL CORPORATION,STORE CONSIGNOR,IMMEDIATE,034217,004268414000,2|3|68,CORPORATION,170190,1|2|3,IMMEDIATE
C.Y.T. SPORTSWEAR,STORE CONSIGNOR,IMMEDIATE,034057,104033574000,11,CORPORATION,30751,0,60 DAYS
CANADIAN MANUFACTURING,STORE CONSIGNOR,IMMEDIATE,034112,218823957000,30|37|83,CORPORATION,170024,30|37|38|92,IMMEDIATE
CANARY ENTERPRISES INC,STORE CONSIGNOR,IMMEDIATE,034100,000392488000,13|19,CORPORATION,30027,0,IMMEDIATE
CANDLEXCHANGE CO,STORE CONSIGNOR,IMMEDIATE,034190,006343636000,30|33|38,PARTNERSHIP,170227,0,IMMEDIATE
"CANDY MIX PLUS, INC.",OUTRIGHT,IMMEDIATE,030472,202331140000,80,CORPORATION,34042,68|80|92,IMMEDIATE
CANNON BABY SAFE PRODUCTS INC,OUTRIGHT,IMMEDIATE,030347,003885716000,25,CORPORATION,34040,25,IMMEDIATE
CANOPY HOME PHILIPPINES CO INC,STORE CONSIGNOR,IMMEDIATE,034141,232858685000,30|32|37|50|83,CORPORATION,170091,37|50,60 DAYS
CARCHIMILLICAN ANIMAL HEALTH CORP.,STORE CONSIGNOR,IMMEDIATE,034319,009696871000,72,CORPORATION,170419,72,60 DAYS
CARCHIMILLICAN MARKETING,STORE CONSIGNOR,IMMEDIATE,034269,105344683000,72,SOLE PROPRIETORSHIP,170252,72,30 DAYS
CARIAN ENTERPRISES,STORE CONSIGNOR,IMMEDIATE,034283,102473313000,34|35|68|83,SOLE PROPRIETORSHIP,170306,35|68,IMMEDIATE
CARIAN PHILIPPINES INC.,STORE CONSIGNOR,IMMEDIATE,034322,009665419000,35|83,CORPORATION,170434,35,N/A
CARL COLOSSAL CREATIONS CORP,STORE CONSIGNOR,IMMEDIATE,034288,008236681000,32|83,CORPORATION,170305,30|32,60 DAYS
CARLITA R. DORAN HERBAL CORP.,STORE CONSIGNOR,IMMEDIATE,034304,008811329000,33,CORPORATION,170385,92,60 DAYS
CARRINGTON INTERNATIONAL,OUTRIGHT,IMMEDIATE,030382,140240344000,15|37|38|50,SOLE PROPRIETORSHIP,34139,30|37|38|83,IMMEDIATE
CASUAL CONTINENTALE INC.,STORE CONSIGNOR,IMMEDIATE,034263,007061134000,32|83,CORPORATION,170255,29|30|36|82,60 DAYS
CELESTIAL COTTAGE INDUSTRIES,OUTRIGHT,IMMEDIATE,030731,103972836000,68,CORPORATION,34085,68,IMMEDIATE
CELLPRIME DISTRIBUTION CORPORATION,STORE CONSIGNOR,IMMEDIATE,034305,223397673000,68|81,CORPORATION,170386,81,IMMEDIATE
CE-SHELLS UNIQUE CRAFTS CO,STORE CONSIGNOR,IMMEDIATE,034281,008464966000,33,PARTNERSHIP,170321,33,30 DAYS
CHAMCO INCORPORATED,OUTRIGHT,60 DAYS,030361,003937393000,50|72,CORPORATION,34267,72,IMMEDIATE
CHAMPION FURNITURE MANUFACTURING INC,OUTRIGHT,60 DAYS,170168,000372602,30|32|37,CORPORATION,34104,0,IMMEDIATE
CHANG-BTC KNITTING CORPORATION,STORE CONSIGNOR,IMMEDIATE,034006,001238583000,11|12,CORPORATION,30015,0,IMMEDIATE
CHARLIE KEN MARKETING CORPORATION,STORE CONSIGNOR,IMMEDIATE,034242,005650643000,92,CORPORATION,170147,92,COD 7 DAYS
CHARTER INTERNATIONAL INC,STORE CONSIGNOR,IMMEDIATE,034117,004967467000,2|24,CORPORATION,170090,0,IMMEDIATE
"CHEF TONY'S SNACK FOODS PHILS., CORP.",STORE CONSIGNOR,IMMEDIATE,034247,007169798000,80,CORPORATION,170224,80,60 DAYS
"CHERENZ GLOBAL MFG., INC.",STORE CONSIGNOR,IMMEDIATE,034301,008023477000,34|35|38|72|83,CORPORATION,170286,30|34,IMMEDIATE
CHG GLOBAL INC.,OUTRIGHT,IMMEDIATE,230194,007150435000,1|2|3,CORPORATION,234077,1|15|2|3|66,IMMEDIATE
CHIBUZO INTERNATIONAL CORP,STORE CONSIGNOR,IMMEDIATE,034274,008138122000,3|68,CORPORATION,170297,23|25|3|68|81,IMMEDIATE
CHIC CENTRE CORPORATION,OUTRIGHT,IMMEDIATE,030112,000281762000,92,CORPORATION,34010,92,IMMEDIATE
CHICAGO GARMENTS,STORE CONSIGNOR,IMMEDIATE,034225,231863297000,13|17|19|3|68,SOLE PROPRIETORSHIP,170180,0,IMMEDIATE
CHILDRENS WEARHOUSE CORP,STORE CONSIGNOR,IMMEDIATE,034020,001608275000,37|83,CORPORATION,30227,0,IMMEDIATE
CHILEN CHICHARON,STORE CONSIGNOR,IMMEDIATE,034215,108437628,80,CORPORATION,30311,0,IMMEDIATE
CHINO PINO BABYWEAR COMPANY INC.,STORE CONSIGNOR,IMMEDIATE,034321,241828997000,25,CORPORATION,170055,17|25,60 DAYS
CKMJ GREENOVATION INC.,STORE CONSIGNOR,IMMEDIATE,034291,008168384000,25|68,CORPORATION,170323,25,IMMEDIATE
CLB FOODS MANUFACTURING CORPORATION,STORE CONSIGNOR,IMMEDIATE,034214,228392168000,80,CORPORATION,170018,0,IMMEDIATE
CMJ88 CORPORATION,STORE CONSIGNOR,IMMEDIATE,034315,008638033000,22,CORPORATION,170400,13|17|19|82,60 DAYS
"CO BAN KIAT HARDWARE, INC.",OUTRIGHT,IMMEDIATE,030840,000326536000,50,CORPORATION,34016,29|30|34|35|50|53|83,IMMEDIATE
COCO TECHNOLOGIES CORPORATION,OUTRIGHT,60 DAYS,030918,202313164000,33|38|50|72,CORPORATION,34270,72,IMMEDIATE
COLENT DIVERSIFIED PRODUCTS INC.,STORE CONSIGNOR,IMMEDIATE,034231,006991291000,50,CORPORATION,170174,50,COD 7 DAYS
COLENT MARKETING PHILS. INC.,STORE CONSIGNOR,IMMEDIATE,034296,006358064000,50,CORPORATION,170202,25|34|35|50|72,60 DAYS
COLEROSH INC.,STORE CONSIGNOR,IMMEDIATE,034204,006999264000,11|12|13|14|19,CORPORATION,170364,12,IMMEDIATE
COLLINS INTERNATIONAL TRADINGCORPORATION,OUTRIGHT,60 DAYS,030351,000052254000,25|29|34|35|37|50|78|92,CORPORATION,34114,25|29|30|34|35|36|38|50|68|78|83|92,IMMEDIATE
COLUMNBUS INDUSTRIES INC,STORE CONSIGNOR,IMMEDIATE,034209,006348535000,29|30|33|83,CORPORATION,170117,29|30|32|33|35|37|38,IMMEDIATE
COMARK INTERNATIONAL CORPORATION,OUTRIGHT,IMMEDIATE,030933,001056588000,50|92,CORPORATION,34007,25|92,IMMEDIATE
COMTRADE MARKETING,STORE CONSIGNOR,IMMEDIATE,034164,103871346000,11,CORPORATION,30900,0,IMMEDIATE
CONCEPT CLOTHING COMPANY INC,OUTRIGHT,IMMEDIATE,030593,000248633000,11,CORPORATION,34090,11|21|73,IMMEDIATE
CONREY SPECIALTY FOODS INC,STORE CONSIGNOR,IMMEDIATE,034172,005285448000,33,CORPORATION,170085,80,IMMEDIATE
CONSORZIO ASIA INC,STORE CONSIGNOR,IMMEDIATE,034216,226846156000,2,CORPORATION,170207,1,IMMEDIATE
"CONSUMER CARE PRODUCTS, INCORPORATED",STORE CONSIGNOR,IMMEDIATE,034230,206014552000,50|72,CORPORATION,170213,33|72|92,30 DAYS
CONTEMPO INC.,STORE CONSIGNOR,IMMEDIATE,034003,000408625,13,CORPORATION,30665,0,N/A
COPACABANA IVORY TRADING CORP.,STORE CONSIGNOR,IMMEDIATE,034312,009306403000,33,CORPORATION,170405,33,IMMEDIATE
CORAL STONE CORPORATION,OUTRIGHT,60 DAYS,030115,005499644000,25|33|82,CORPORATION,34195,17,IMMEDIATE
CORNER HARDWARE CORP,OUTRIGHT,N/A,030860,224321754000,80|92,CORPORATION,34144,50|92,IMMEDIATE
COSMETICS REVELATION CORPORATION,STORE CONSIGNOR,IMMEDIATE,034152,232695253000,92,CORPORATION,170418,92,IMMEDIATE
COSMETIQUE ASIA CORPORATION,OUTRIGHT,N/A,170053,205720155000,92,CORPORATION,34162,0,IMMEDIATE
"COSMOS BAZAR, INCORPORATED",OUTRIGHT,60 DAYS,030198,000326502000,78,CORPORATION,34121,78|92,IMMEDIATE
"COTY PRESTIGE SOUTHEAST ASIAPHILIPPINES, INC.",STORE CONSIGNOR,IMMEDIATE,034286,008569952000,92,CORPORATION,170333,92,IMMEDIATE
COUNTRY FAVORITES CERAMICS,OUTRIGHT,60 DAYS,030892,104041621000,12|14|20|33|92,SOLE PROPRIETORSHIP,34132,33|37,IMMEDIATE
COUNTRY ROOTS EVENTS AND DISPLAY INC.,STORE CONSIGNOR,IMMEDIATE,034290,008707924000,33,CORPORATION,170355,33,IMMEDIATE
COUNTRY ROOTS HOME DECOR,OUTRIGHT,COD LESS 5%,030657,109107870000,33,SOLE PROPRIETORSHIP,34143,33,IMMEDIATE
CRAFTTRADE ENTERPRISES,OUTRIGHT,60 DAYS,030760,123991956000,33,SOLE PROPRIETORSHIP,34021,33,IMMEDIATE
CREATIVE WONDERS INTERNATIONAL CORP,OUTRIGHT,60 DAYS,030677,221773149000,23|26|78|81,CORPORATION,34157,68|81,IMMEDIATE
CRESTWIN MARKETING CORPORATION,OUTRIGHT,60 DAYS,030791,224988804000,3,CORPORATION,34079,0,IMMEDIATE
"CRH NEEDLE CRAFT, INC.",STORE CONSIGNOR,IMMEDIATE,034307,009155558000,33,CORPORATION,170376,33,IMMEDIATE
CRIB SIDE MANNERS INC,STORE CONSIGNOR,IMMEDIATE,034239,007135419000,13|17,CORPORATION,170192,17|19,IMMEDIATE
CRIS-CEL-COR EXPORT INC,STORE CONSIGNOR,IMMEDIATE,034178,004729473000,33,CORPORATION,30509,0,IMMEDIATE
CROMBIE INTERNATIONAL SALES LTD CO,OUTRIGHT,IMMEDIATE,030819,225158791000,23|25|3|37|68|81,PARTNERSHIP,34147,21|22|23|68|81,IMMEDIATE
CROWN SUPPLY CORPORATION,OUTRIGHT,IMMEDIATE,030733,000081344001,78,CORPORATION,34129,78,IMMEDIATE
CROWN SYNERGY TRADING CORP,STORE CONSIGNOR,IMMEDIATE,034065,223378078000,1|11|18|2|21|3|8,CORPORATION,170015,0,IMMEDIATE
CRYSLINE INTERNATIONAL TRADING,OUTRIGHT,60 DAYS,030778,109128288004,29|32|35|36|38|50,CORPORATION,34142,29|35|36|83,IMMEDIATE
C'SCOR GLOBAL INTERTRADE CORP.,STORE CONSIGNOR,IMMEDIATE,034287,008284068000,25|92,CORPORATION,170303,25|92,30 DAYS
CTWALK SHOE MFG,STORE CONSIGNOR,IMMEDIATE,034055,100152270,2,CORPORATION,170126,0,60 DAYS
CUDDLY INTERNATIONAL CORPORATION,OUTRIGHT,60 DAYS,030305,002838711000,25|68,CORPORATION,34257,25,IMMEDIATE
CURATOR1 TRADING CORPORATION,STORE CONSIGNOR,IMMEDIATE,034316,009188484000,92,CORPORATION,170424,92,60 DAYS
CURRANT CORPORATION,STORE CONSIGNOR,IMMEDIATE,034237,006926372000,81,CORPORATION,170162,68|81,IMMEDIATE
CYA INDUSTRIES INC,OUTRIGHT,N/A,030239,209995973000,34|35|78,CORPORATION,34155,25|34|35|50|68|78|83|92,IMMEDIATE
CYCHRIS TRADING CORPORATION,OUTRIGHT,60 DAYS,030859,225671044000,13|14|15|17|18|19|68|81,CORPORATION,34103,13|17,IMMEDIATE
D' FAMOUS RED BOX CORPORATION,OUTRIGHT,30 DAYS,040375,007918677000,80,CORPORATION,44141,80,IMMEDIATE
D' MARK MULTI SALES CORPORATION,OUTRIGHT,IMMEDIATE,040735,200111245000,22|25|92,CORPORATION,44048,22|92,IMMEDIATE
DAILY FASHION MFG CORP,STORE CONSIGNOR,IMMEDIATE,044090,000373523000,12|13|15,CORPORATION,40426,0,IMMEDIATE
DAKKI CLASSICS CONCEPTS INC,OUTRIGHT,60 DAYS,040142,209635092000,34|37|68|81,CORPORATION,44035,21|37|68|83,IMMEDIATE
DANIPI PHILIPPINES INCORPORATED,OUTRIGHT,IMMEDIATE,040574,001986257000,50,CORPORATION,44140,33,IMMEDIATE
DAVIES PAINTS PHILIPPINES INCORPORATED,OUTRIGHT,60 DAYS,040303,234455661000,50,CORPORATION,44112,50,IMMEDIATE
DBMBS TRADING CORP.,OUTRIGHT,IMMEDIATE,040440,008711286000,92,CORPORATION,44147,92,IMMEDIATE
DESCORP INC,OUTRIGHT,30 DAYS,040340,007347437000,92,CORPORATION,44132,92,IMMEDIATE
DESIGNS LYA ARMOVIT INC,OUTRIGHT,IMMEDIATE,040342,001027389000,33,CORPORATION,44051,0,IMMEDIATE
DHEMARK DESIGNS CORP,OUTRIGHT,60 DAYS,040337,007868220000,12|46,CORPORATION,44119,12|15,IMMEDIATE
DIAMOND INDUSTRIES,STORE CONSIGNOR,IMMEDIATE,044006,916896308000,29|35|36|83,SOLE PROPRIETORSHIP,40349,0,IMMEDIATE
DIGITAL ADVANTAGE CORP.,STORE CONSIGNOR,IMMEDIATE,044163,50064191600000,86,CORPORATION,40469,0,IMMEDIATE
DISTRIBUTION SOLUTIONS PHILS INC,OUTRIGHT,60 DAYS,040418,454625941005,92,CORPORATION,44153,25,IMMEDIATE
DOCOMO-KAIBIGAN CORP,OUTRIGHT,60 DAYS,040297,007170050000,29|35|38|50,CORPORATION,44126,68,IMMEDIATE
DOLLAR & SCENTS CORPORATION,STORE CONSIGNOR,IMMEDIATE,044151,005059625000,92,CORPORATION,40060,0,IMMEDIATE
DOMICIL DECOR ENTERPRISE,STORE CONSIGNOR,IMMEDIATE,044079,162273427000,30|38|83,CORPORATION,40300,0,IMMEDIATE
D'STYLES MANUFACTURING CORPORATION,OUTRIGHT,60 DAYS,040289,007190779000,32,CORPORATION,44108,32|83,IMMEDIATE
DUNSK KUHNER CORP.,OUTRIGHT,60 DAYS,040393,008799681000,50|72,CORPORATION,44146,72,IMMEDIATE
DYGEN PHARMA DISTRIBUTION CORPORATION,OUTRIGHT,60 DAYS,040433,008346269000,92,CORPORATION,44152,25,IMMEDIATE
E - SY CORPORATION,STORE CONSIGNOR,IMMEDIATE,054056,004631168000,50,CORPORATION,50176,0,30 DAYS
EARTH TONES CORPORATION,STORE CONSIGNOR,IMMEDIATE,054047,213431473000,25|68,CORPORATION,50104,0,IMMEDIATE
EAST INNOVENTION PHILS INC,OUTRIGHT,30 DAYS,050261,207560967000,72,CORPORATION,54125,72,IMMEDIATE
"EASTER MORNING INSPIRATIONAL PRODUCTS,INC.",OUTRIGHT,IMMEDIATE,050469,002478554000,21|33|38,CORPORATION,54082,33,IMMEDIATE
EASTERN RISING SUN INTERNATIONAL CO,OUTRIGHT,IMMEDIATE,050035,000324701000,25,CORPORATION,54043,25,IMMEDIATE
ECOZYME BIO-SYSTEMS CORPORATION,OUTRIGHT,IMMEDIATE,050267,007260743000,72,CORPORATION,54113,50|72,IMMEDIATE
"EINSCO COMPANY, INC.",OUTRIGHT,IMMEDIATE,050782,002283465000,12|14,CORPORATION,54003,0,IMMEDIATE
"ELC BEAUTY, INC.",OUTRIGHT,IMMEDIATE,050255,218161323000,92,CORPORATION,54152,92,IMMEDIATE
ELECTROLUX PHILIPPINES INC,OUTRIGHT,30 DAYS,050117,215252549000,34,CORPORATION,54142,34,IMMEDIATE
ELITE GARMENTS INTERNATIONAL INC,STORE CONSIGNOR,IMMEDIATE,054122,000344853000,11|12|13|33,CORPORATION,50234,0,IMMEDIATE
ELLISON ENTERPRISES CORPORATION,OUTRIGHT,60 DAYS,050151,216722154000,11|12|13|14|18|43|68|73|81,CORPORATION,54076,13|18|21|68,IMMEDIATE
ELRO RETAIL CORPORATION,OUTRIGHT,IMMEDIATE,050362,007430103000,3,CORPORATION,54162,8,IMMEDIATE
EM-O INDUSTRIAL MFG CORP,OUTRIGHT,IMMEDIATE,050254,007308213000,3,CORPORATION,54112,3,IMMEDIATE
EN BARONG FILIPINO INC,OUTRIGHT,IMMEDIATE,050807,001705678000,33,CORPORATION,54001,11|33,IMMEDIATE
ENCHONG Y MARKETING CORP,OUTRIGHT,IMMEDIATE,050296,008092533000,21|22|23,CORPORATION,54130,21|22,IMMEDIATE
"ERRICKSON INDUSTRIAL SALES CO., INC.",OUTRIGHT,IMMEDIATE,050173,232018522000,50,CORPORATION,54070,50,IMMEDIATE
EURO FOODS PHILS,OUTRIGHT,30 DAYS,050308,213220297000,72,SOLE PROPRIETORSHIP,54139,72,IMMEDIATE
EURO PACIFIC LINK INTL CORP,OUTRIGHT,60 DAYS,050690,000402644000,78,CORPORATION,54135,68|78,IMMEDIATE
EUROWEAR MARKETING CORPORATION,OUTRIGHT,IMMEDIATE,050324,004549866000,13|83,CORPORATION,54066,12|13|43,IMMEDIATE
"EVER BILENA COSMETICS, INC.",OUTRIGHT,IMMEDIATE,050370,235439442000,92,CORPORATION,54079,92,IMMEDIATE
EVERGOOD PLASTIC INDUSTRY INC,OUTRIGHT,60 DAYS,050262,218518728000,72,CORPORATION,54149,72,IMMEDIATE
EVERGOOD UNLIMITED CORPORATION,OUTRIGHT,60 DAYS,050043,203010183000,22|34|35|50|92,CORPORATION,54115,34|35|83,IMMEDIATE
EVERGROWTH GARMENT MFG INC,STORE CONSIGNOR,IMMEDIATE,054023,002219937000,11,CORPORATION,50919,0,IMMEDIATE
EVERYDAY PRODUCTS CORPORATION,OUTRIGHT,60 DAYS,050942,200056455000,30|38|50|83,CORPORATION,54156,30|38|83,IMMEDIATE
EVERYTHING RETAIL INDL & COMML CO INC,STORE CONSIGNOR,IMMEDIATE,054044,201198729000,50,CORPORATION,50018,0,IMMEDIATE
EXCLUSIVE PET RESOURCES INCORPORATED,OUTRIGHT,30 DAYS,050259,006807155000,72,CORPORATION,54138,72,IMMEDIATE
EXPONENT-KONKA GROUP INC,STORE CONSIGNOR,IMMEDIATE,054104,006738649,34,CORPORATION,50231,0,IMMEDIATE
EXTENSIVE SALES ENTERPRISES COMPANY,OUTRIGHT,60 DAYS,050133,210411738000,29|30|32|35|37|38|50,PARTNERSHIP,54106,32|83,IMMEDIATE
EZYDOG ENTERPRISE,OUTRIGHT,60 DAYS,050263,214633939000,72,SOLE PROPRIETORSHIP,54124,72,IMMEDIATE
FAB-O-LOUS GARMENTS CORP.,OUTRIGHT,IMMEDIATE,060444,237023236000,75,CORPORATION,64079,12,IMMEDIATE
FALCON INTERNATIONAL TRADING,OUTRIGHT,IMMEDIATE,060304,227504925000,18|24|25,SOLE PROPRIETORSHIP,64118,25|81,IMMEDIATE
FATTY BRAIN TOYS INC,OUTRIGHT,IMMEDIATE,060380,008338242000,68,CORPORATION,64148,68,IMMEDIATE
FELINE APPAREL INCORPORATED,OUTRIGHT,60 DAYS,060394,008171042000,17|24|33|68|81,CORPORATION,64153,13|19,IMMEDIATE
FEMFABULUOS INC.,OUTRIGHT,60 DAYS,060384,008441314000,12|43,CORPORATION,64144,43,IMMEDIATE
FIBREFILL MANUFACTURING INC,OUTRIGHT,60 DAYS,060669,000287891000,25|33|37|38,CORPORATION,64174,37|83,IMMEDIATE
FILSTAR DISTRIBUTORS CORPORATION,OUTRIGHT,IMMEDIATE,060611,001968309000,68|78|82|92,CORPORATION,64007,25|30|68|78|92,IMMEDIATE
FINE INTERIORS TRADING ANDMANUFACTURING INC,OUTRIGHT,60 DAYS,060197,004264268005,32,CORPORATION,64123,0,IMMEDIATE
FOOTACTION INTERNATIONAL MANUFACTURINGCORPORATION,STORE CONSIGNOR,IMMEDIATE,064008,209826903000,1|2|8,CORPORATION,60243,0,IMMEDIATE
FORCE GEAR INTL CORP,OUTRIGHT,IMMEDIATE,060335,007607236000,26,CORPORATION,64152,26|8,IMMEDIATE
FOREVER BEST FRIENDS INC,STORE CONSIGNOR,IMMEDIATE,064033,005425931000,81,CORPORATION,60058,0,60 DAYS
FORTUNE BUDDIES CORP,OUTRIGHT,IMMEDIATE,060199,226732000000,34|35,CORPORATION,64130,34|35|83,IMMEDIATE
FRABELLE MARKET CORPORATION,OUTRIGHT,N/A,060099,004551804000,80,CORPORATION,64021,0,IMMEDIATE
FRONTIERGADGET INC.,OUTRIGHT,60 DAYS,060386,008201613000,21|78|81,CORPORATION,64160,53,IMMEDIATE
FUN SERVICES INC. / CARNEVALE,OUTRIGHT,60 DAYS,060230,223456456000,20|23|33|37|68,CORPORATION,64125,68|72,IMMEDIATE
FUNIMATION MAGIC INC,STORE CONSIGNOR,IMMEDIATE,064119,007022306000,13|17|19|23,CORPORATION,60302,0,IMMEDIATE
FUNSHOES TRADING CORPORATION,OUTRIGHT,60 DAYS,060331,007287300000,3|68|81,CORPORATION,64138,24|81,IMMEDIATE
FUNTASTIC INTERNATIONAL INC,OUTRIGHT,60 DAYS,060073,205872169000,20|21|22|23|24|25|26|30|33|37|38|68|81|92,CORPORATION,64128,25|68,IMMEDIATE
FURNE N' STYLE CORPORATION,OUTRIGHT,60 DAYS,060416,009168471000,30|32|82,CORPORATION,64173,32|83,IMMEDIATE
FURNITURE CONTRACTORS INC,OUTRIGHT,30 DAYS,060664,000055659000,30|32,CORPORATION,64156,32,IMMEDIATE
G.T.K. TRADING,OUTRIGHT,60 DAYS,070004,103910653000,50|78,SOLE PROPRIETORSHIP,74146,0,IMMEDIATE
GAIN MORE MARKETING,OUTRIGHT,60 DAYS,070782,215334793000,29|50,SOLE PROPRIETORSHIP,74098,50|83,IMMEDIATE
GALVEZ HANDICRAFTS,STORE CONSIGNOR,IMMEDIATE,074186,103282548001,33,SOLE PROPRIETORSHIP,70205,0,IMMEDIATE
GARDEN BARN INC,STORE CONSIGNOR,IMMEDIATE,074001,208190017000,29|30|35|36|38|50|72|83|92,CORPORATION,70280,0,IMMEDIATE
GENTLE STAR TRADING CORP,OUTRIGHT,IMMEDIATE,070258,235014892000,72,CORPORATION,74102,68,IMMEDIATE
GENTRO INT'L. PRODUCTS INC.,OUTRIGHT,60 DAYS,070248,236419158000,25|92,CORPORATION,74136,0,IMMEDIATE
GETZ BROS PHILIPPINES INC,OUTRIGHT,IMMEDIATE,070421,000280423000,92,CORPORATION,74033,0,IMMEDIATE
GEUEL HANDICRAFTS,OUTRIGHT,60 DAYS,070014,113809315000,33|38,SOLE PROPRIETORSHIP,74041,33,IMMEDIATE
GIFTS AND PACKAGES DESIGN CENTER,OUTRIGHT,60 DAYS,070726,103976200000,22|30|37|38|78,SOLE PROPRIETORSHIP,74169,25|38|83,IMMEDIATE
GIFTS GADGETS & COLLECTIBLES INC,OUTRIGHT,IMMEDIATE,070827,001987215000,3|68|81,CORPORATION,74014,3,IMMEDIATE
GILBERT EMERSON MARKETING CORPORATION,OUTRIGHT,60 DAYS,070084,000054280000,25|50|72|78|80,CORPORATION,74193,72,IMMEDIATE
GLASSTECH CORPORATION,OUTRIGHT,60 DAYS,070363,006929698000,29|35|36|38|50|68|72,CORPORATION,74167,29|68,IMMEDIATE
GLF MABUHAY TRADING INTERNATIONAL INC,OUTRIGHT,IMMEDIATE,070516,009458313000,33,CORPORATION,74221,33,IMMEDIATE
GLOBALSIX CORP,OUTRIGHT,COD 7 DAYS,070501,008964800000,23|68|81,CORPORATION,74216,259,IMMEDIATE
GLOBE INTL DISTRIBUTOR CENTER INC,OUTRIGHT,IMMEDIATE,070646,000368533000,50,CORPORATION,74008,50,IMMEDIATE
GLOIRE UNLIMITED CO,OUTRIGHT,60 DAYS,070464,008255467000,92,PARTNERSHIP,74208,92,IMMEDIATE
GLYNYZ ACCESSORIES INTL CO,STORE CONSIGNOR,IMMEDIATE,074149,006672670000,33,CORPORATION,70381,0,IMMEDIATE
GLYNYZ FASHION BOUTIQUE INT'L. CO.,OUTRIGHT,IMMEDIATE,070534,008562203000,82,PARTNERSHIP,74203,33,IMMEDIATE
GNP TRADING CORPORATION,OUTRIGHT,N/A,070181,222115620000,33|37|80|92,CORPORATION,74066,30|92,IMMEDIATE
GODSPEED SPORTS CORPORATION,OUTRIGHT,60 DAYS,070840,004714643000,68,CORPORATION,74060,68|8,IMMEDIATE
GOLD GLORY FASHION ENTERPRISES,OUTRIGHT,IMMEDIATE,070408,131982850000,23,SOLE PROPRIETORSHIP,74133,22,IMMEDIATE
GOLDEN ABC INC,OUTRIGHT,IMMEDIATE,070639,000068427000,92,CORPORATION,74002,11|12|14|18,IMMEDIATE
GOLDEN FASHION ENTERPRISE INC,OUTRIGHT,60 DAYS,070888,200108618000,29|30|32|35|37|50|78,CORPORATION,74085,32|50|83,IMMEDIATE
GOLDEN FORTRESS MARKET PLACE INC,OUTRIGHT,IMMEDIATE,070459,007998087000,15,CORPORATION,74187,22|38,IMMEDIATE
GOLDEN UNION FOOTWEAR INC,OUTRIGHT,IMMEDIATE,070686,000657996000,3,CORPORATION,74006,2|3,IMMEDIATE
GOLDTECH INTL DISTRIBUTORS INC,OUTRIGHT,60 DAYS,070342,005799016000,34,CORPORATION,74105,0,IMMEDIATE
GOLDWINGS STATIONERY PRODUCTS INC,OUTRIGHT,60 DAYS,070356,208138416001,78,CORPORATION,74180,78,IMMEDIATE
GOLTON CORPORATION,OUTRIGHT,60 DAYS,070816,004704302000,25,CORPORATION,74138,92,IMMEDIATE
GOOD SHEPHERD MANUFACTURING CORPORATION,OUTRIGHT,60 DAYS,070418,008051289000,29|38|50,CORPORATION,74195,29|83,IMMEDIATE
GOODY PRODUCTS PHILS INC,STORE CONSIGNOR,IMMEDIATE,074009,003253565001,22|25|68|92,CORPORATION,70756,0,IMMEDIATE
GOULDEN MYERS INTERNATIONAL CO,OUTRIGHT,60 DAYS,070121,005515322,30|32,CORPORATION,74148,32,IMMEDIATE
GOURDO'S INC,STORE CONSIGNOR,IMMEDIATE,074053,210170741000,29|35|36|37|83,CORPORATION,70228,0,IMMEDIATE
"GRAMANS FASHION,  INC.",OUTRIGHT,60 DAYS,070412,277113480000,12|14|18|33|43,CORPORATION,74182,43,IMMEDIATE
GRAND DRAGON ENTERPRISES INC,OUTRIGHT,30 DAYS,070878,003923000000,80|92,CORPORATION,74072,0,IMMEDIATE
GRANDTEX TRADING,OUTRIGHT,IMMEDIATE,070448,100660435000,37|92,SOLE PROPRIETORSHIP,74206,37|83,IMMEDIATE
GREAT HOME MAKERS ENTERPRISES,OUTRIGHT,IMMEDIATE,070196,218754993000,30|36|38,SOLE PROPRIETORSHIP,74104,30|38|83,IMMEDIATE
"GREEN LIFE ECOBAGS, INC.",OUTRIGHT,60 DAYS,070514,008716684000,22|33|82,CORPORATION,74219,33,IMMEDIATE
GREENFLEX INTL CORP,STORE CONSIGNOR,IMMEDIATE,074125,000349202000,38|83,CORPORATION,70050,0,IMMEDIATE
GREPAC TECHNOLOGIES INC,STORE CONSIGNOR,IMMEDIATE,074139,223578626,50,CORPORATION,70311,0,IMMEDIATE
GREYHOUND MARKETING CORPORATION,OUTRIGHT,IMMEDIATE,070188,000329888000,25|68,CORPORATION,74003,25|26|37|68|83,IMMEDIATE
GSI TRADING COMPANY,OUTRIGHT,60 DAYS,070239,215002059000,68|78|81,PARTNERSHIP,74115,68|78|81|92,IMMEDIATE
GTC-ALDIS PHILIPPINES INC,OUTRIGHT,N/A,070378,007364638000,34,CORPORATION,74168,34|35|83,IMMEDIATE
GTCOSMETICS MANUFACTURING INC,OUTRIGHT,IMMEDIATE,070451,431911816000,92,CORPORATION,74204,92,IMMEDIATE
H & A INTERNATIONAL INC,OUTRIGHT,IMMEDIATE,080374,000845720000,68,CORPORATION,84221,0,IMMEDIATE
HAPPY HOME REPUBLIC RETAILERS INC.,OUTRIGHT,60 DAYS,080267,006536886000,11|18|20|21|22|23|25|26|29|33|35|36|37|38|50|78,CORPORATION,84110,37|83,IMMEDIATE
HAPPY WEAVES HANDMADE ARTISANHANDICRAFTS,OUTRIGHT,IMMEDIATE,080313,316926548000,33,SOLE PROPRIETORSHIP,84142,33,IMMEDIATE
HAYASHI RACING SALES CENTER,OUTRIGHT,IMMEDIATE,080293,104014074000,21|50|81,CORPORATION,84014,0,IMMEDIATE
"HEALTH AMENDMENTS, INC.",OUTRIGHT,30 DAYS,080170,228936558000,25|92,CORPORATION,84136,25,IMMEDIATE
HEALTHY INNOVATION DISTRIBUTION INC,OUTRIGHT,60 DAYS,080277,007666647000,25|68|80|81|92,CORPORATION,84124,68|92,IMMEDIATE
HEBRON INTERNATIONAL SALES CORPORATION,OUTRIGHT,IMMEDIATE,080045,005416340000,29|78|81,CORPORATION,84033,68|78|81|92,IMMEDIATE
HEINTZ INFANT PRIME SOURCE INC,OUTRIGHT,IMMEDIATE,080288,007724977000,25,CORPORATION,84118,25|68,IMMEDIATE
HELLO DOLLY MANUFACTURING,OUTRIGHT,60 DAYS,080525,004849649000,17|25|37,CORPORATION,84020,17|37|68|83|92,IMMEDIATE
HENTA MARKETING CORPORATION,OUTRIGHT,N/A,080276,007785485000,29|30|32|33,CORPORATION,84113,29|30|35|37|38,IMMEDIATE
HER-Z COLLECTION INC.,OUTRIGHT,60 DAYS,080297,008342465000,12|33,CORPORATION,84127,43,IMMEDIATE
HIGH LIFE MARKETING INTERNATIONAL,OUTRIGHT,IMMEDIATE,080320,126813592000,36,SOLE PROPRIETORSHIP,84133,36|83,IMMEDIATE
HIP INTERTRADE SALES INC,OUTRIGHT,60 DAYS,080280,233877103000,81,CORPORATION,84105,0,IMMEDIATE
HI-PRO INTERNATIONAL LTD CORPORATION,OUTRIGHT,IMMEDIATE,080054,205218766000,25|29|50|78,CORPORATION,84050,29|35|36|50|83,IMMEDIATE
HMS DEVELOPMENT CORPORATION,STORE CONSIGNOR,IMMEDIATE,084139,005053599000,83,CORPORATION,80331,0,IMMEDIATE
"HOME EXPRESSIONS CONCEPTS, INC.",OUTRIGHT,IMMEDIATE,080197,244869376000,25|37,CORPORATION,84078,30|32|37|83,IMMEDIATE
HOME FASHION COMMERCIAL,OUTRIGHT,60 DAYS,080407,122469889000,30|32|50,SOLE PROPRIETORSHIP,84089,30|32|83,IMMEDIATE
HOMEDIRECT INC.,OUTRIGHT,IMMEDIATE,080278,007980680000,33|36|38,CORPORATION,84116,30|38,IMMEDIATE
HONEY BARN MARKETING CORPORATION,OUTRIGHT,60 DAYS,080163,230551945000,13|14|17|19|20|23|26|3|33|68|78|81,CORPORATION,84055,19|25|68|78|81,IMMEDIATE
HOPEWELL SALES CORPORATION,OUTRIGHT,60 DAYS,080284,007648914000,26|29|36|37,CORPORATION,84126,25|68,IMMEDIATE
HOT DISK CORP,OUTRIGHT,60 DAYS,080296,008293381000,34|50,CORPORATION,84129,34,IMMEDIATE
HUASANWAN FOOD MART INC,OUTRIGHT,30 DAYS,080008,004480890000,33|80,CORPORATION,84012,0,IMMEDIATE
HYDN PUBLISHING,STORE CONSIGNOR,IMMEDIATE,084067,163766967000,78,CORPORATION,80268,0,IMMEDIATE
IDEAL GARMENTS INT'L. INC.,OUTRIGHT,60 DAYS,090083,002725527000,13|17|23|25|3|75,CORPORATION,94057,25,IMMEDIATE
ILIUPA MARKETING INC.,OUTRIGHT,IMMEDIATE,090203,009212608000,82,CORPORATION,94076,32|83,IMMEDIATE
IMF BEAUTY AND WELLNESS PRODUCTS,OUTRIGHT,IMMEDIATE,090115,202729559000,92,SOLE PROPRIETORSHIP,94058,92,IMMEDIATE
INFINITE QUALITY DESIGNS CENTER INC,OUTRIGHT,IMMEDIATE,090060,215032870000,32,CORPORATION,94023,30|32,IMMEDIATE
INFINITY SPORTS INTERNATIONAL INC,OUTRIGHT,60 DAYS,090179,223898925000,25|68|78,CORPORATION,94070,68,IMMEDIATE
INNOVATI INTERNATIONAL INCORPORATED,OUTRIGHT,30 DAYS,090195,006534131000,78,CORPORATION,94043,78,IMMEDIATE
INNOVATIVE SYMMETRY CLOTHING INC,OUTRIGHT,IMMEDIATE,090122,006956668000,14|33,CORPORATION,94047,0,IMMEDIATE
INSULITE MANUFACTURING CORPORATION,OUTRIGHT,60 DAYS,090114,004512619000,50|68,CORPORATION,94019,25|50|68|81,IMMEDIATE
INTELLIGENT SKIN CARE INC,OUTRIGHT,N/A,090112,244436537000,25|92,CORPORATION,94078,25,IMMEDIATE
INTELLISMART TECHNOLOGY INC.,OUTRIGHT,30 DAYS,090169,006602274000,50,CORPORATION,94074,25,IMMEDIATE
INTER-FASHION SUNGLASSES CORP,STORE CONSIGNOR,IMMEDIATE,094257,000386184000,21|22|23|60|81|92,CORPORATION,90103,0,IMMEDIATE
INTERNATIONAL CARTOON KINGDOM INC,OUTRIGHT,IMMEDIATE,090055,212363994000,21,CORPORATION,94005,23|26|81,IMMEDIATE
INTERNATIONAL FINE PAPER EXCHANGE INC.,OUTRIGHT,60 DAYS,090165,007944921000,78,CORPORATION,94072,68|78,IMMEDIATE
INTERNATIONALE GLOBALE MARQUES INC.,OUTRIGHT,IMMEDIATE,090200,008077131000,15|17|25|32|50|68,CORPORATION,94065,13|14|19|78,IMMEDIATE
IONTECH INC.,OUTRIGHT,60 DAYS,090138,006997592000,34|53|68,CORPORATION,94051,34|52,IMMEDIATE
ISOURCE MARKETING ENTERPRISES CORP.,OUTRIGHT,60 DAYS,090187,008826753000,25|68,CORPORATION,94089,25,IMMEDIATE
ISPORT LIFE INC,STORE CONSIGNOR,IMMEDIATE,094011,210816246000,1|11|12|14|2|26|8,CORPORATION,90105,0,IMMEDIATE
J & A HOME PRODUCTS CORPORATION,STORE CONSIGNOR,IMMEDIATE,104038,003821288000,30|37|83,CORPORATION,100948,0,IMMEDIATE
J ESSENTIALZ MARKETING CORPORATION,OUTRIGHT,IMMEDIATE,100518,007370067000,50|72,CORPORATION,104120,50|72,IMMEDIATE
J&V DECO CENTRUM INC,OUTRIGHT,60 DAYS,100551,000318004000,25,CORPORATION,104123,25|68|72,IMMEDIATE
J.L.C. MILLER & CO INC,OUTRIGHT,COD LESS 5%,100075,005028338000,92,CORPORATION,104030,92,IMMEDIATE
JACOB THE BALLOON CO.,OUTRIGHT,IMMEDIATE,100591,229253223000,68,PARTNERSHIP,104129,68,IMMEDIATE
JADWANI INTERNATIONAL INC,OUTRIGHT,IMMEDIATE,100478,000420037000,12|15,CORPORATION,104124,15,IMMEDIATE
JASMINE ETHNIC CRAFTS INC,STORE CONSIGNOR,IMMEDIATE,104115,220566310000,33,CORPORATION,100350,0,60 DAYS
JC LUCAS CREATIVE PRODUCTS INC,OUTRIGHT,IMMEDIATE,100629,000367494000,68|81,CORPORATION,104035,33|68|78|83,IMMEDIATE
JDC GENERAL MERCHANDISE,OUTRIGHT,60 DAYS,100444,208497283000,37|38,SOLE PROPRIETORSHIP,104113,37|83,IMMEDIATE
JEANOLOGY INC,OUTRIGHT,IMMEDIATE,100575,008158432000,12|20,CORPORATION,104127,11|12|14|18,IMMEDIATE
JIN HUNG BIJOU ART INC,STORE CONSIGNOR,IMMEDIATE,104062,224978038000,38,CORPORATION,100397,0,IMMEDIATE
JJ SUMMIT STATIONERY COMP,OUTRIGHT,30 DAYS,100525,007293204000,33|78,CORPORATION,104136,23,IMMEDIATE
JNRR ENTERPRISES,OUTRIGHT,IMMEDIATE,100613,423345395000,19,SOLE PROPRIETORSHIP,104126,19,IMMEDIATE
JOBIN HOSIERY MANUFACTURING CORPORATION,OUTRIGHT,IMMEDIATE,100675,000278939000,21|22|23|25,CORPORATION,104071,23,IMMEDIATE
JOHN CARLO CREATIONS,OUTRIGHT,IMMEDIATE,100419,104007898000,33,CORPORATION,104076,33,IMMEDIATE
JOLI SAC ENTREPRISE,OUTRIGHT,IMMEDIATE,100456,102241309001,33,SOLE PROPRIETORSHIP,104060,33,IMMEDIATE
JOSEFINA MANUFACTURING INCORPORATED,OUTRIGHT,IMMEDIATE,100138,000387895000,13,CORPORATION,104009,12|15,IMMEDIATE
JOYCE & DIANA WORLDWIDE INC,OUTRIGHT,IMMEDIATE,100544,007243576000,25|37,CORPORATION,104118,25|37|83,IMMEDIATE
JRADIANCE CORPORATION,OUTRIGHT,60 DAYS,100492,245637152000,25|68|81,CORPORATION,104102,23|68,IMMEDIATE
JS PHILIPPINES GLOBAL CORPORATION,OUTRIGHT,IMMEDIATE,100368,220931020000,13|68|80|81|92,CORPORATION,104046,68|8|92,IMMEDIATE
JY MARKETING,STORE CONSIGNOR,IMMEDIATE,104024,223508439000,12|43,SOLE PROPRIETORSHIP,100469,0,IMMEDIATE
KAIZENVENTURES INCORPORATED,OUTRIGHT,IMMEDIATE,110240,007563414000,30|38,CORPORATION,114095,30|38|68|83,IMMEDIATE
KATEENSON INDUSTRIES,OUTRIGHT,60 DAYS,110125,104081241000,92,SOLE PROPRIETORSHIP,114067,92,IMMEDIATE
KEGITAR HOME INC,OUTRIGHT,IMMEDIATE,110203,244350848000,50,CORPORATION,114069,21|34|50|53,IMMEDIATE
KELLITECH IMPORT AND EXPORT CORP,OUTRIGHT,IMMEDIATE,110248,007595488000,34|35|50|68,CORPORATION,114097,34|35|83,IMMEDIATE
KENRICH INTERNATIONAL DISTRIBUTOR CORP,STORE CONSIGNOR,IMMEDIATE,114018,002925850000,1|11|2|21|26,CORPORATION,110458,0,IMMEDIATE
KEYWEST ONE INTERNATIONAL CORPORATION,OUTRIGHT,IMMEDIATE,110269,006596595000,11,CORPORATION,114079,11|21,IMMEDIATE
KIDDERMINSTER INC,OUTRIGHT,IMMEDIATE,110189,239664951000,13|22,CORPORATION,114058,13,IMMEDIATE
KIDPALOOZA ENTERPRISE,OUTRIGHT,IMMEDIATE,110257,108779862000,13|17,SOLE PROPRIETORSHIP,114045,13|17|19,IMMEDIATE
KIDS GALLERY CORP,OUTRIGHT,IMMEDIATE,110212,223768583000,50|68,CORPORATION,114043,68|72|92,IMMEDIATE
KIDS LIKE US INC.,OUTRIGHT,60 DAYS,110215,236358798000,12|13|17|19|43,CORPORATION,114055,13|19,IMMEDIATE
KIDSTYLE FASHION INC.,OUTRIGHT,IMMEDIATE,110308,238229940000,17|82,CORPORATION,114056,13|17|19,IMMEDIATE
KIM PHILIP MARKETING CORP,STORE CONSIGNOR,IMMEDIATE,114017,222843509000,32,CORPORATION,110161,0,IMMEDIATE
KINDERCARE WORLDWIDE CORPORATION,STORE CONSIGNOR,IMMEDIATE,114041,207836165000,25,CORPORATION,110074,0,IMMEDIATE
KINDERKIND APPAREL INC,OUTRIGHT,60 DAYS,110030,005176531000,13|17|81,CORPORATION,114029,13|17,IMMEDIATE
KINGS NOVELTIES ENTERPRISES INC,OUTRIGHT,IMMEDIATE,110083,211973498000,38,CORPORATION,114002,38|83,IMMEDIATE
KINGSTONE MARKETING INC,OUTRIGHT,60 DAYS,110045,200403861000,25|36|38|50|78,CORPORATION,114077,25|30|83,IMMEDIATE
KINO CONSUMER PHILIPPINES INC,OUTRIGHT,60 DAYS,110166,229023865000,92,CORPORATION,114062,0,IMMEDIATE
KITCHEN BEAUTY MARKETING CORPORATION,OUTRIGHT,IMMEDIATE,110043,004826530000,29|32|34|36|50,CORPORATION,114033,35|36|38|83,IMMEDIATE
KLG INTERNATIONAL INC,OUTRIGHT,IMMEDIATE,110075,000305780001,29|30|35|36|37|38|50,CORPORATION,114032,29|30|35|36|83,IMMEDIATE
KLIO INTERNATIONAL MARKETING CORPORATION,OUTRIGHT,60 DAYS,110061,203934684000,25|29|36|50,CORPORATION,114100,29|83,IMMEDIATE
KNICK KNACK INTERNATIONAL INC,STORE CONSIGNOR,IMMEDIATE,114016,004516923000,21,CORPORATION,110453,0,IMMEDIATE
KPI MANUFACTURING INC,OUTRIGHT,60 DAYS,110210,004833056001,50,CORPORATION,114070,0,IMMEDIATE
KREATIV KONCEPT INC.,OUTRIGHT,30 DAYS,110284,007128428000,25|33|80,CORPORATION,114085,68,IMMEDIATE
KRINOCHE' INC.,STORE CONSIGNOR,IMMEDIATE,114059,233664729000,33,CORPORATION,110221,0,60 DAYS
L T S LUGGAGE TRADING & SERVICES INC,STORE CONSIGNOR,IMMEDIATE,124354,000338129000,21|24|26,CORPORATION,120928,0,IMMEDIATE
LA DITTA COMPONENTI INC,STORE CONSIGNOR,IMMEDIATE,124017,212138402000,1|2|22,CORPORATION,120712,0,IMMEDIATE
LAILEN'S PASTRIES,OUTRIGHT,30 DAYS,120393,915734752000,80,CORPORATION,124056,80,IMMEDIATE
LAJ MARKETING PHILIPPINES INC,OUTRIGHT,IMMEDIATE,120759,006530032000,68,CORPORATION,124100,25|68,IMMEDIATE
LANDLITE PHILIPPINES CORPORATION,OUTRIGHT,IMMEDIATE,120589,219208696000,38,CORPORATION,124063,34|35|38|50|83,IMMEDIATE
LE BECARRE INTERNATIONAL CORPORATION,OUTRIGHT,IMMEDIATE,120960,000057863000,92,CORPORATION,124361,92,IMMEDIATE
LE JORDAN APPAREL INC,OUTRIGHT,IMMEDIATE,120805,004541842000,13|17|19,CORPORATION,124022,17,IMMEDIATE
LEFINN CORP.,OUTRIGHT,60 DAYS,120836,006966224000,30|32,CORPORATION,124106,32,IMMEDIATE
LENNY'S BAKESHOP,STORE CONSIGNOR,IMMEDIATE,124094,123784909000,80|92,SOLE PROPRIETORSHIP,120809,0,IMMEDIATE
LEXUR TRADING,OUTRIGHT,IMMEDIATE,120861,210480798000,33,SOLE PROPRIETORSHIP,124124,33,IMMEDIATE
LGR ATHLETIC WEARS INC,OUTRIGHT,60 DAYS,120912,242959164000,11,CORPORATION,124146,8,IMMEDIATE
LIGHT'N UP INC,STORE CONSIGNOR,IMMEDIATE,124131,227077205000,72,CORPORATION,120819,0,IMMEDIATE
LIGHTROOM CORPORATION,OUTRIGHT,IMMEDIATE,120881,007316231000,34,CORPORATION,124137,34,IMMEDIATE
LIKE MINDS INC,OUTRIGHT,60 DAYS,120766,006359152000,25,CORPORATION,124132,25,IMMEDIATE
LIMSON MARKETING INC,OUTRIGHT,IMMEDIATE,120519,211546134000,50,CORPORATION,124108,50,IMMEDIATE
LINCOPHIL ALUMINUM MANUFACTURINGCORPORATION,OUTRIGHT,IMMEDIATE,120060,005317224000,35,CORPORATION,124092,35|36|83,IMMEDIATE
LINTON INCORPORATED,OUTRIGHT,60 DAYS,120847,000245446000,34,CORPORATION,124139,34,IMMEDIATE
LKN VALUE PLUS CORP.,OUTRIGHT,N/A,120956,007240277000,92,CORPORATION,124154,92,IMMEDIATE
LOG-ON GENERAL MERCHANDISE,STORE CONSIGNOR,IMMEDIATE,124041,108972145000,17,SOLE PROPRIETORSHIP,120817,0,IMMEDIATE
LOKAL INC,OUTRIGHT,IMMEDIATE,120909,216489678004,33,CORPORATION,124119,33,IMMEDIATE
LOLA PUREZA'S INCORPORATED,OUTRIGHT,IMMEDIATE,120571,000557005000,80,CORPORATION,124107,80,IMMEDIATE
LOLLIPOP SAFETY BALLOONS CENTER,STORE CONSIGNOR,IMMEDIATE,124349,103920086000,22|25|68,CORPORATION,120790,0,30 DAYS
L'OREAL PHILIPPINES INC,OUTRIGHT,IMMEDIATE,120073,00028372300000,92,CORPORATION,124036,92,IMMEDIATE
LR FASHION CREATIONS INC,STORE CONSIGNOR,IMMEDIATE,124077,240061782000,22,CORPORATION,120814,0,IMMEDIATE
LST SUMMIT INC,OUTRIGHT,IMMEDIATE,120548,217450739000,33|35|50|78,CORPORATION,124039,50|72|78|92,IMMEDIATE
LTE PHILS INC,OUTRIGHT,60 DAYS,120967,004476712000,34|50|72|92,CORPORATION,124067,72,IMMEDIATE
"LUNCHBREAK TRADING COMPANY, INC.",OUTRIGHT,IMMEDIATE,120929,008881603000,25,CORPORATION,124153,29|83,IMMEDIATE
LUPEL MARKETING CORPORATION,OUTRIGHT,60 DAYS,120694,000409714000,78,CORPORATION,124126,78,IMMEDIATE
LUXASIA INC,OUTRIGHT,IMMEDIATE,120986,000162854000,92,CORPORATION,124003,24|92,IMMEDIATE
LYN TONE MANUFACTURING CORPORATION,OUTRIGHT,60 DAYS,120479,003459666000,13|17|19|81,CORPORATION,124064,0,IMMEDIATE
"M5 MART, INC.",STORE CONSIGNOR,IMMEDIATE,134244,007978276000,11,CORPORATION,240643,11,IMMEDIATE
MACLIN ELECTRONICS INC,OUTRIGHT,60 DAYS,130865,000367678000,34|35|50,CORPORATION,134171,34|35|83,IMMEDIATE
MADISON RETAILERS INC,STORE CONSIGNOR,IMMEDIATE,134082,217831704000,11|21,CORPORATION,240299,0,IMMEDIATE
MADISON SQUARE MARKETING,OUTRIGHT,60 DAYS,130397,174747782000,80,SOLE PROPRIETORSHIP,134040,0,IMMEDIATE
MAGIS PLUS MARKETING & DISTRIBUTORS INC,STORE CONSIGNOR,IMMEDIATE,134262,008502315000,34|50|53,CORPORATION,240536,50,60 DAYS
MALDIVE TRADING CORP,STORE CONSIGNOR,IMMEDIATE,134141,223775157000,23|25|29|35|36|83,CORPORATION,240170,35|36,IMMEDIATE
MAME'S WORLD OF FASHION INC,STORE CONSIGNOR,IMMEDIATE,134291,008657390000,92,CORPORATION,240551,92,60 DAYS
"MANHATTAN MANUFACTURING & MARKETINGCOMPANY, INC.",OUTRIGHT,60 DAYS,130056,000412868000,68,CORPORATION,134346,78,IMMEDIATE
MANILA BULLETIN PUBLISHING CORPORATION,STORE CONSIGNOR,IMMEDIATE,134226,000746558000,72|78,CORPORATION,130635,0,30 DAYS
MANSFIELD INTERNATIONAL INC,STORE CONSIGNOR,IMMEDIATE,134039,003873480000,11|13|19,CORPORATION,130182,0,IMMEDIATE
MARIETTA'S EMBROIDERIES INC,OUTRIGHT,IMMEDIATE,130399,003972863000,30|33,CORPORATION,134052,33,IMMEDIATE
MARIZZA MANUFACTURING COMPANY INC,STORE CONSIGNOR,IMMEDIATE,134092,224296251000,1|2|3,CORPORATION,240300,0,IMMEDIATE
MARJORIE'S CAKES & COOKIES INC,STORE CONSIGNOR,IMMEDIATE,134198,006602969000,80,CORPORATION,240471,80,30 DAYS
MARKAP WEARSHOP,STORE CONSIGNOR,IMMEDIATE,134367,111135241001,17|25,SOLE PROPRIETORSHIP,240477,17,IMMEDIATE
MASS88 INTERNATIONAL CORPORATION,STORE CONSIGNOR,IMMEDIATE,134267,008616965000,68,CORPORATION,240565,68,IMMEDIATE
MAYON CONSOLIDATED INC,OUTRIGHT,60 DAYS,130492,000388290000,29|34|50,CORPORATION,134036,0,IMMEDIATE
MBC CLOTHING GROUP INC.,STORE CONSIGNOR,IMMEDIATE,134255,008428212000,13|14|17,CORPORATION,240528,11|18|81,IMMEDIATE
M-BIO ENTERPRISES,STORE CONSIGNOR,IMMEDIATE,134104,229872944000,50,CORPORATION,240342,0,IMMEDIATE
MED CHOICE ADVANTAGE CO LTD,STORE CONSIGNOR,IMMEDIATE,134292,008277775001,72,PARTNERSHIP,240605,72,60 DAYS
"MEGA SOFT HYGIENIC PRODUCTS, INC.",OUTRIGHT,60 DAYS,130425,206227179000,82|92,CORPORATION,134280,0,IMMEDIATE
MEGABOOM MARKETING INC,STORE CONSIGNOR,IMMEDIATE,134219,227775388000,32|50|83,CORPORATION,240209,30|32,30 DAYS
MEGAFRESH INTERNATIONAL INC,STORE CONSIGNOR,IMMEDIATE,134013,001799517000,50,CORPORATION,240381,50,IMMEDIATE
MEISING MARKETING,STORE CONSIGNOR,IMMEDIATE,134250,111135241007,36|38,SOLE PROPRIETORSHIP,240515,38,IMMEDIATE
MERLE GARMENTS,OUTRIGHT,60 DAYS,130025,115776256,13|14|17,SOLE PROPRIETORSHIP,134068,0,IMMEDIATE
METRO KITCHENWARE INC,STORE CONSIGNOR,IMMEDIATE,134032,001926887000,29|34|35|36|83,CORPORATION,130645,0,IMMEDIATE
MFP HOME OF QUALITY FOOD CORP,STORE CONSIGNOR,IMMEDIATE,134259,008046225000,33,CORPORATION,240530,80,30 DAYS
MGM INDUSTRY CO.,OUTRIGHT,30 DAYS,240458,000863183000,92,PARTNERSHIP,134145,0,IMMEDIATE
MI CASA DESIGN CENTER INC,STORE CONSIGNOR,IMMEDIATE,134236,007422459000,32|83,CORPORATION,240414,30|32,60 DAYS
MICRO MAX SUPPLIES PHILS CORPORATION,STORE CONSIGNOR,IMMEDIATE,134245,008037013000,50,CORPORATION,240480,50,IMMEDIATE
MICRO-SCOTCH PRODUCTS CORPORATION,OUTRIGHT,IMMEDIATE,130703,000220519000,92,CORPORATION,134238,50,IMMEDIATE
MIDLAND PACIFIC FOOD CORPORATION,OUTRIGHT,30 DAYS,240190,006010641000,80,CORPORATION,134093,0,IMMEDIATE
MIGHTY MAGIC BLUE STAR CORPORATION,STORE CONSIGNOR,IMMEDIATE,134178,006615297000,12|14,CORPORATION,240633,14,IMMEDIATE
MIKALOR GENERAL MERCHANDISE,OUTRIGHT,60 DAYS,130570,100062685000,50|72,CORPORATION,134085,50|72,IMMEDIATE
MIKOLAS TRADING CORPORATION,STORE CONSIGNOR,IMMEDIATE,134275,008582143000,50|72,CORPORATION,240569,72,60 DAYS
MILKSENSE CLOTHING APPAREL,STORE CONSIGNOR,IMMEDIATE,134241,148436948000,25|37,SOLE PROPRIETORSHIP,240349,25|37|43,60 DAYS
"MINTON MULTIRESOURCES, INCORPORATED",STORE CONSIGNOR,IMMEDIATE,134070,004509841000,17|25,CORPORATION,240532,25|82|92,IMMEDIATE
MIRAGE INTERNATIONAL CORP,STORE CONSIGNOR,IMMEDIATE,134175,219521337000,29|35|36|83,CORPORATION,240135,29|32|34|35|36|37|38|50|78,IMMEDIATE
MIRSAEL SUTUS INC,STORE CONSIGNOR,IMMEDIATE,134166,245292841000,17|25|3,CORPORATION,240321,0,IMMEDIATE
MITSUI INDUSTRIA CORPORATION,OUTRIGHT,60 DAYS,130811,000234758000,34|35|36,CORPORATION,134204,29|34|35|36|83,IMMEDIATE
MITSUI TRDG PHILS LTD CO,STORE CONSIGNOR,IMMEDIATE,134220,004774219000,78,CORPORATION,240384,78,IMMEDIATE
MKJ SERVICE LINK CONTRACTORS INC,STORE CONSIGNOR,IMMEDIATE,134344,000288583000,33|37,CORPORATION,130716,0,IMMEDIATE
MLA GRAPHIC DESIGNED LIFESTYLE INC,OUTRIGHT,IMMEDIATE,240447,006353509000,18,CORPORATION,134202,0,IMMEDIATE
MODERN HOUSE INTERNATIONAL INC,STORE CONSIGNOR,IMMEDIATE,134180,250497521000,34|35|83,CORPORATION,240329,34|35|50,IMMEDIATE
MOMOE CREATIONS INTERNATIONALCORPORATION,STORE CONSIGNOR,IMMEDIATE,134247,008044097000,21|22|23|68,CORPORATION,240508,21|22|23|3|68|81,IMMEDIATE
MONARC FURNISHINGS,STORE CONSIGNOR,IMMEDIATE,134009,360103300,30|32|37,CORPORATION,130285,0,60 DAYS
MOND BROTHERS INC,STORE CONSIGNOR,IMMEDIATE,134167,242279418000,68,CORPORATION,240266,25|68|81,IMMEDIATE
MONMON ENTERPRISES INC,STORE CONSIGNOR,IMMEDIATE,134124,002647464000,34,CORPORATION,130144,0,IMMEDIATE
MOON HOUSE MARKETING,OUTRIGHT,60 DAYS,130137,154884631000,30|32,SOLE PROPRIETORSHIP,134242,0,IMMEDIATE
MORNING SIDE APPAREL INC,STORE CONSIGNOR,IMMEDIATE,134352,002096358000,13,CORPORATION,240325,0,60 DAYS
MOROMAX GENERAL TRADE IMPORT AND EXPORT,STORE CONSIGNOR,IMMEDIATE,134148,117636622005,92,CORPORATION,240278,92,60 DAYS
MOSBEAU PHILIPPINES INC,STORE CONSIGNOR,IMMEDIATE,134223,006977145000,92,CORPORATION,240400,92,30 DAYS
MOVIMENTO 5 CORPORATION,STORE CONSIGNOR,IMMEDIATE,134284,007143790000,15,CORPORATION,240396,13|15,30 DAYS
MR. SANTA'S VILLAGE SHOP,STORE CONSIGNOR,IMMEDIATE,134130,153304478000,33,SOLE PROPRIETORSHIP,240210,33|38|68,N/A
"MUCH PROSPERITY TRADING INT'L., INC.",STORE CONSIGNOR,IMMEDIATE,134228,007367060000,2|29|35|36|68|81|83,CORPORATION,240411,21|22|23|29|34|35|36|38|68|81,60 DAYS
MULSON'S TRADING CORP,STORE CONSIGNOR,IMMEDIATE,134162,246755886000,34,CORPORATION,240309,34|50,IMMEDIATE
MVALOR INC.,STORE CONSIGNOR,IMMEDIATE,134264,008373479000,34|92,CORPORATION,240522,34|78|92,IMMEDIATE
MY BABY DRAGON LIFESTYLE CO LTD,OUTRIGHT,IMMEDIATE,240553,008334336000,25,PARTNERSHIP,134269,0,IMMEDIATE
MY SOLID TECHNOLOGIES & DEVICESCORPORATION,STORE CONSIGNOR,IMMEDIATE,134277,007283114000,53,CORPORATION,240512,34,N/A
MYTY MARKETING,STORE CONSIGNOR,IMMEDIATE,134287,237830759000,25,SOLE PROPRIETORSHIP,240608,25,IMMEDIATE
NAP J. MARTINEZ COLLECTIONS,OUTRIGHT,IMMEDIATE,140441,167397499000,21|22|23|33|68,SOLE PROPRIETORSHIP,144047,21|22|23|33,IMMEDIATE
NATURES LEGACY EXIMPORT INC,STORE CONSIGNOR,IMMEDIATE,144108,202645669000,30,CORPORATION,140243,0,IMMEDIATE
NEIL GARMENT,OUTRIGHT,60 DAYS,140142,103930298321,11|18,CORPORATION,144091,14|18,IMMEDIATE
NEUMANN & MUELLER PHILIPPINES INC.,OUTRIGHT,30 DAYS,140143,223461475000,50|72,CORPORATION,144092,72,IMMEDIATE
NEUTRON INDUSTRIES INC,OUTRIGHT,60 DAYS,140574,000295955000,21|25|34|50|78,CORPORATION,144046,0,IMMEDIATE
NEW ANDING'S TRADING & MANUFACTURING,OUTRIGHT,IMMEDIATE,140331,102254598000,23|38|68|78|82,SOLE PROPRIETORSHIP,144031,30|38|68|78|83,IMMEDIATE
NEW BARBIZON FASHION INC,OUTRIGHT,IMMEDIATE,140024,201827101000,13|17|19|82,CORPORATION,144030,11|13|15|19|68,IMMEDIATE
NEW BENEHLYN ENTERPRISES,OUTRIGHT,IMMEDIATE,140380,103902580000,29|30|35|36,SOLE PROPRIETORSHIP,144009,25|29|34|35|36|83,IMMEDIATE
NEW GLOBAL SUNRISE COMMERCIALCORPORATION,OUTRIGHT,60 DAYS,140136,208023335000,35|36|38,CORPORATION,144101,36|83,IMMEDIATE
NEW TOWER TRADING INC,OUTRIGHT,30 DAYS,140213,006351026000,50|72,CORPORATION,144093,72,IMMEDIATE
NEW YORK GEAR FOOTWEAR HAUS,OUTRIGHT,60 DAYS,140200,183244362002,1|2|3,SOLE PROPRIETORSHIP,144074,81,IMMEDIATE
NEWYORK HOME FASHIONS INC,OUTRIGHT,IMMEDIATE,140173,233243016000,25|30|37,CORPORATION,144048,37|83,IMMEDIATE
NEXT JEANS INC,STORE CONSIGNOR,IMMEDIATE,144021,000666026000,12|14,CORPORATION,140214,0,IMMEDIATE
NOBLE HOUSEWARE MARKETING CORPORATION,OUTRIGHT,IMMEDIATE,140151,230996428000,35|36|38,CORPORATION,144043,35|36|83,IMMEDIATE
NONPAREIL ENTERPRISES,OUTRIGHT,60 DAYS,140309,225580978000,25|50,SOLE PROPRIETORSHIP,144099,0,IMMEDIATE
NONWOVEN FABRIC PHILIPPINES INC,OUTRIGHT,60 DAYS,140430,000844760000,50,CORPORATION,144020,37,IMMEDIATE
NOOKS MANUFACTURING INT'L CORP,OUTRIGHT,30 DAYS,140286,008414538000,33,CORPORATION,144110,33,IMMEDIATE
NORTH BULACAN MANUFACTURING INC,STORE CONSIGNOR,IMMEDIATE,144068,240623492000,37|83,CORPORATION,140192,0,IMMEDIATE
NORTH SUMMIT TRADING INCORPORATED,OUTRIGHT,60 DAYS,140235,007244393000,92,CORPORATION,144084,92,IMMEDIATE
NOVA GLASS ENTERPRISES,OUTRIGHT,60 DAYS,140185,102704843000,38,SOLE PROPRIETORSHIP,144065,0,IMMEDIATE
NURSERYWORKS INC,OUTRIGHT,IMMEDIATE,140253,006617393000,25,CORPORATION,144073,25,IMMEDIATE
NUTRA TECH BIOPHARMA INC.,STORE CONSIGNOR,IMMEDIATE,144098,233615763000,72,CORPORATION,260153,72,60 DAYS
"NUTRACEUTICALS, AND_SUPPLEMENTS INC.",OUTRIGHT,60 DAYS,140257,006972745000,92,CORPORATION,144095,92,IMMEDIATE
NUTRAMEDICA INC,OUTRIGHT,60 DAYS,140275,236491189000,92,CORPORATION,144078,0,IMMEDIATE
NYNE BEAUTY INC.,OUTRIGHT,30 DAYS,140317,008808495000,92,CORPORATION,144107,92,IMMEDIATE
OFFICE DEPOT CORPORATION,STORE CONSIGNOR,IMMEDIATE,154016,003933085000,2|3|68,CORPORATION,150233,0,IMMEDIATE
OK CONCEPTS ENTERPRISES,OUTRIGHT,IMMEDIATE,150054,170960724000,11,SOLE PROPRIETORSHIP,154020,11|19,IMMEDIATE
ONE MEGA GROUP INC,STORE CONSIGNOR,IMMEDIATE,134012,001095438000,30|33|50|52|78|92,CORPORATION,130992,0,60 DAYS
ONE ORIGINITE CORP.,OUTRIGHT,60 DAYS,150541,008378950000,1|21|82,CORPORATION,154052,3,IMMEDIATE
"ONE STOP DISTRIBUTION, INC.",OUTRIGHT,30 DAYS,150504,008085907000,25|80|92,CORPORATION,154051,25|92,IMMEDIATE
ONE-10 ENTERPRISES,OUTRIGHT,60 DAYS,150026,204060914000,13|17|43,SOLE PROPRIETORSHIP,154022,13|18,IMMEDIATE
OPTIMA FASHION COLLECTION,OUTRIGHT,IMMEDIATE,150235,122558110000,68|81,SOLE PROPRIETORSHIP,154013,26|68|81,IMMEDIATE
"ORANGE SAC INNOVATORS, INC.",OUTRIGHT,IMMEDIATE,150343,006998608000,81,CORPORATION,154032,26|81,IMMEDIATE
"ORGANIX SOLUTIONS, INC.",OUTRIGHT,IMMEDIATE,150474,006137147000,82|92,CORPORATION,154040,33|92,IMMEDIATE
ORIENTAL MERCHANTS INC,OUTRIGHT,IMMEDIATE,150163,000355188000,80,CORPORATION,154007,92,IMMEDIATE
ORLAD'S NOVELTY,STORE CONSIGNOR,IMMEDIATE,154018,100080043,33,CORPORATION,150227,0,30 DAYS
OXFORD DISTRIBUTIONS INCORPORATED,OUTRIGHT,60 DAYS,150548,220579460000,80|92,CORPORATION,154050,50,IMMEDIATE
P & J MULTITRADE VENTURE INC,OUTRIGHT,60 DAYS,160809,000305312000,78,CORPORATION,164011,0,IMMEDIATE
P K S S ENTERPRISES INC,OUTRIGHT,60 DAYS,160111,005008470000,22|30|32|38,CORPORATION,164155,32|83,IMMEDIATE
PACIFIC GLASS CORPORATION,STORE CONSIGNOR,IMMEDIATE,164041,000057258000,50,CORPORATION,160151,0,IMMEDIATE
PACIFIC PRIME CONSUMER PRODUCTS INC.,OUTRIGHT,60 DAYS,160685,009627447000,72,CORPORATION,164235,72,IMMEDIATE
PALMER-ASIA INC.,OUTRIGHT,IMMEDIATE,160941,002838699000,50,CORPORATION,164107,50,IMMEDIATE
PAO TIAM ENT. COMPANY,OUTRIGHT,60 DAYS,160569,008136857000,20|22|33,PARTNERSHIP,164223,33,IMMEDIATE
PAPERLINE PAPER PRODUCTS INC,STORE CONSIGNOR,IMMEDIATE,164080,224114152000,78|81,CORPORATION,160368,0,IMMEDIATE
"PARADISA PHILIPPINES, INC.",OUTRIGHT,IMMEDIATE,160223,200729062000,29|30|37|50,CORPORATION,164078,29|37|50|83,IMMEDIATE
PASHA MARKETING,OUTRIGHT,60 DAYS,160410,211373123000,12|13|14|15|17|23|43,SOLE PROPRIETORSHIP,164090,22|23|92,IMMEDIATE
PAVO ALLURE INTERNATIONAL CORP.,OUTRIGHT,IMMEDIATE,160577,008212918000,92,CORPORATION,164220,92,IMMEDIATE
PERFECT APPAREL INC,STORE CONSIGNOR,IMMEDIATE,164489,000324989000,11|12|13|19|43,CORPORATION,160458,0,IMMEDIATE
PET ONE INC.,OUTRIGHT,60 DAYS,160215,202861595000,50|72,CORPORATION,164191,72,IMMEDIATE
PET PLUS GLOBAL MARKETING CORP,OUTRIGHT,60 DAYS,160560,007991265000,50|72,CORPORATION,164192,72,IMMEDIATE
PETRINA ENTERPRISES CORP,STORE CONSIGNOR,IMMEDIATE,164154,006863530000,35|36|38,CORPORATION,160398,0,IMMEDIATE
PHIL BED & FURNITURE MFG CORP,STORE CONSIGNOR,IMMEDIATE,164042,000666766000,30|32|37|83,CORPORATION,160367,0,IMMEDIATE
"PHILIPPE GADGETS & ACCESSORIES, INC.",OUTRIGHT,IMMEDIATE,160350,221895949000,21|25|50|78|92,CORPORATION,164092,21|22|26|34|50|561|562|564|565|566|78|92,IMMEDIATE
"PHILIPPINE FORMOSA GROUP, INC.",OUTRIGHT,60 DAYS,160420,000237727000,1|2|20|22|23|25|26|29|30|32|36|37|50|52|75|78|80,CORPORATION,164193,25|29|37|83,IMMEDIATE
PHILIPPINE WACOAL CORPORATION,OUTRIGHT,IMMEDIATE,160920,000165410000,22,CORPORATION,164460,12|15,IMMEDIATE
PHILUSA CORPORATION,OUTRIGHT,60 DAYS,160132,000281014000,21|25|50|92,CORPORATION,164036,25|92,IMMEDIATE
PHILUX INC.,OUTRIGHT,60 DAYS,160521,000138419000,30,CORPORATION,164165,32,IMMEDIATE
PHK GENERAL MERCHANDISE,OUTRIGHT,COD LESS 5%,160263,202130012000,92,CORPORATION,164066,0,IMMEDIATE
"PIONEER ADHESIVES, INC.",OUTRIGHT,IMMEDIATE,180098,000387431000,50,CORPORATION,184010,50,IMMEDIATE
PLANET SPORTS INC,OUTRIGHT,60 DAYS,160261,204248466000,8,CORPORATION,164045,1|11|12|15|2|26|8,IMMEDIATE
PLAYKIT PHILIPPINES INC,OUTRIGHT,IMMEDIATE,160743,000338977000,23|33|68,CORPORATION,164484,68|72|78,IMMEDIATE
PLU ENTERPRISES INCORPORATED,OUTRIGHT,IMMEDIATE,160523,004453685000,72,CORPORATION,164197,25|72,IMMEDIATE
POLARIS STAR ENTERPRISE,OUTRIGHT,60 DAYS,160402,113036796000,13|14|22|23|24|25|26|68|78,SOLE PROPRIETORSHIP,164138,78,IMMEDIATE
POLLANDRE MANUFACTURING INC,STORE CONSIGNOR,IMMEDIATE,164040,004539179,37|83,CORPORATION,160048,0,IMMEDIATE
POLYFOAM-RGC INTERNATIONAL CORP.,OUTRIGHT,60 DAYS,160354,001006449000,25|29|30|32|37|38|50|68|92,CORPORATION,164126,25|30|32|37|68|83,IMMEDIATE
POWER PACKS MANUFACTURING PHILIPPINES,STORE CONSIGNOR,IMMEDIATE,164061,103914895,24|26,CORPORATION,160357,0,IMMEDIATE
POWEREE COMMERCIAL CORP,OUTRIGHT,IMMEDIATE,160040,004716069000,50,CORPORATION,164089,50,IMMEDIATE
POWERHANS PHILIPPINES SALES,OUTRIGHT,IMMEDIATE,160583,159437602000,25,SOLE PROPRIETORSHIP,164094,25|52|68|72,IMMEDIATE
POWERTRIP INC,OUTRIGHT,60 DAYS,160639,006329809000,34,CORPORATION,164226,34,IMMEDIATE
PRECIOUS HERBAL PILLOW,OUTRIGHT,60 DAYS,160571,206392841000,33|92,SOLE PROPRIETORSHIP,164212,33,IMMEDIATE
PRECIOUS PAGES CORP,STORE CONSIGNOR,IMMEDIATE,164024,002926502000,68|78,CORPORATION,160944,0,IMMEDIATE
PRECISION MASTER TECHNOLOGY INCORPORATED,OUTRIGHT,60 DAYS,160243,004466051,68|78,CORPORATION,164051,34,IMMEDIATE
"PRESENT PARTICLE COMMERCIAL, INC.",OUTRIGHT,N/A,160613,008248855000,92,CORPORATION,164200,1|2|26,IMMEDIATE
PRESTIGE ARTS & DECOR CORPORATION,OUTRIGHT,IMMEDIATE,160563,007656916000,38,CORPORATION,164185,38|83,IMMEDIATE
PRESTIGE BRANDS PHILS INC,OUTRIGHT,IMMEDIATE,160291,205736717000,92,CORPORATION,164047,92,IMMEDIATE
PRICEPOINT TRADING COMPANY,OUTRIGHT,60 DAYS,160615,008709600000,1|11|12|13|14|15|17|18|19|2|20|21|22|23|24|25|26|29|3|30|33|35|36|37|38|43|46|50|68|72|73|74|75|78|81,PARTNERSHIP,164222,68,IMMEDIATE
PRIMABY ENTERPRISE CORPORATION,OUTRIGHT,60 DAYS,160584,008406675000,22|23,CORPORATION,164231,22,IMMEDIATE
PRIMAL ENTERPRISES CORPORATION,OUTRIGHT,IMMEDIATE,160055,000397813000,50,CORPORATION,164050,50,IMMEDIATE
PRIMECOSMETICS (PCI) INC.,OUTRIGHT,IMMEDIATE,160656,008828975000,92,CORPORATION,164215,92,IMMEDIATE
PRIMELINE PRODUCTS PHILIPPINES INC,STORE CONSIGNOR,IMMEDIATE,164471,000287840000,22|26|29|32|34|35|37|38|50|68|83|92,CORPORATION,160644,0,IMMEDIATE
PRO STAR MARKETING CORP,STORE CONSIGNOR,IMMEDIATE,164004,207488881000,1,CORPORATION,160300,0,IMMEDIATE
PROFOOD INT'L. CORP.,OUTRIGHT,30 DAYS,160624,000070877001,33|80|82,CORPORATION,164018,80,IMMEDIATE
"PROSOURCE INT'L., INC.",OUTRIGHT,60 DAYS,160120,004519255000,92,CORPORATION,164237,33,IMMEDIATE
PURETECH FLASH INTERNATIONAL INC,OUTRIGHT,60 DAYS,160557,007923176000,78,CORPORATION,164194,52|53|78,IMMEDIATE
"PUYAT FLOORING PRODUCTS, INC.",STORE CONSIGNOR,IMMEDIATE,164103,000165227000,50,CORPORATION,160378,0,IMMEDIATE
QBP ENTERPRISES INC,OUTRIGHT,60 DAYS,170341,224588459000,32|68,CORPORATION,174015,81,IMMEDIATE
QUALITY HOUSE INC,STORE CONSIGNOR,IMMEDIATE,174485,000084733000,21,CORPORATION,170045,0,IMMEDIATE
QUANTA PAPER MARKETING INC,OUTRIGHT,30 DAYS,170218,007303058000,92,CORPORATION,174016,25,IMMEDIATE
QUANTUM FOODS INC,OUTRIGHT,30 DAYS,170100,003979608000,92,CORPORATION,174003,0,IMMEDIATE
"R.S.H. MARKETING (PHILIPPINES), INC.",STORE CONSIGNOR,IMMEDIATE,184016,004658546000,1|11|2|21|26|8,CORPORATION,180853,0,IMMEDIATE
"RAFFLES & COMPANY, INC.",OUTRIGHT,IMMEDIATE,180618,000059700000,34|35,CORPORATION,184011,29|35|36|83,IMMEDIATE
RAINS INTERNATIONAL CORPORATION,OUTRIGHT,60 DAYS,180404,205730575000,34,CORPORATION,184137,68,IMMEDIATE
RAMESH TRADING CORPORATION,OUTRIGHT,60 DAYS,180278,245131350000,25|29|35|36|37|50|78,CORPORATION,184118,29|35|36|50|83,IMMEDIATE
RAMGO INTERNATIONAL CORPORATION,OUTRIGHT,60 DAYS,180486,001056459000,50,CORPORATION,184044,50,IMMEDIATE
RANVIN MARKETING CORPORATION,OUTRIGHT,60 DAYS,180488,009130800000,25,CORPORATION,184165,25,IMMEDIATE
RBPS IMPEX CORPORATION,OUTRIGHT,IMMEDIATE,180496,006787558000,25,CORPORATION,184110,25,IMMEDIATE
RECENS INCORPORATED,STORE CONSIGNOR,IMMEDIATE,184015,003841057000,43,CORPORATION,180280,0,IMMEDIATE
RED DRAGON FASHION HOUSE INC,OUTRIGHT,60 DAYS,180430,008295079000,11|18|19,CORPORATION,184152,18,IMMEDIATE
REDDOT IMAGING PHILIPPINES INC.,OUTRIGHT,30 DAYS,180429,008003909000,20|68,CORPORATION,184142,34|53|68|78,IMMEDIATE
REJANO'S BAKERY,OUTRIGHT,60 DAYS,180263,115077305000,80,SOLE PROPRIETORSHIP,184126,33,IMMEDIATE
REPLAY COUNTRY CORP.,OUTRIGHT,60 DAYS,180153,203974327000,12|13|14|17|18|19|68|81,CORPORATION,184158,13|19,IMMEDIATE
RETAILASIA INC,OUTRIGHT,60 DAYS,180287,243848470000,22|24|68,CORPORATION,184090,68,IMMEDIATE
RGMA MARKETING AND PRODUCTIONS INC,STORE CONSIGNOR,IMMEDIATE,184104,227156311000,52,CORPORATION,180325,0,IMMEDIATE
RICHBURG CORPORATION,OUTRIGHT,IMMEDIATE,180184,220308085000,32|35|50,CORPORATION,184081,32|35|50|83,IMMEDIATE
RICHFIELD GARMENT MFG CORP,OUTRIGHT,IMMEDIATE,180621,000403645,12|43,CORPORATION,184058,12|43,IMMEDIATE
RICHPRIME GLOBAL INC.,OUTRIGHT,IMMEDIATE,180414,008058688000,25|3|81,CORPORATION,184143,25|3|37|68|81,IMMEDIATE
RICHPRIME SALES INCORPORATED,OUTRIGHT,IMMEDIATE,180452,008323567000,3,CORPORATION,184148,13|17|19|25|3,IMMEDIATE
RICHWELL PHILS. INC,OUTRIGHT,IMMEDIATE,180041,000380058000,13|25|3|81|92,CORPORATION,184055,13|25|3|81,IMMEDIATE
RICHWELL TRADING CORPORATION,OUTRIGHT,IMMEDIATE,180308,000364217000,25|3|68|81|92,CORPORATION,184062,17|25|3|68|81,IMMEDIATE
RITE-WAY DISTRIBUTORS INC,OUTRIGHT,60 DAYS,180107,000326039000,34,CORPORATION,184100,0,IMMEDIATE
RJTECH CORP.,OUTRIGHT,60 DAYS,180363,240937617000,92,CORPORATION,184102,0,IMMEDIATE
RK MANUFACTURING CORPORATION,OUTRIGHT,60 DAYS,180117,000305103000,15|17|35|36|50,CORPORATION,184146,13,IMMEDIATE
ROSTANSY TRADING INC,STORE CONSIGNOR,IMMEDIATE,184046,223910193000,80,CORPORATION,180210,0,IMMEDIATE
ROUNDTREE MERCHANDISING CORPORATION,OUTRIGHT,60 DAYS,180395,002582446000,12|15|43,CORPORATION,184139,12|43,IMMEDIATE
"ROYAL CANIN PHILIPPINES, INC.",OUTRIGHT,N/A,180509,233233030000,72,CORPORATION,184168,72,IMMEDIATE
ROYU INDUSTRIAL CORPORATION,OUTRIGHT,IMMEDIATE,180460,008480457000,25|50,CORPORATION,184157,50,IMMEDIATE
RSC GARMENT INDUSTRY,OUTRIGHT,COD LESS 5%,180405,102246321000,13|17|43,SOLE PROPRIETORSHIP,184056,0,IMMEDIATE
SABELLA FASHION GROUP CO,STORE CONSIGNOR,IMMEDIATE,194164,232398683000,12|43,PARTNERSHIP,150314,0,IMMEDIATE
SAM (ONE) COMMERCIAL INC,OUTRIGHT,60 DAYS,190662,004844242000,25|68,CORPORATION,194285,68,IMMEDIATE
SAMMCO INTERNATIONAL CONCEPTS INC,STORE CONSIGNOR,IMMEDIATE,194306,221151747000,38|83,CORPORATION,150084,0,IMMEDIATE
SAN MARTIN APPAREL INC,OUTRIGHT,IMMEDIATE,150533,008213714000,11|74,CORPORATION,194340,11,IMMEDIATE
SANXIAO PHILIPPINES INCORPORATED,OUTRIGHT,60 DAYS,150371,006747456000,92,CORPORATION,194367,25,IMMEDIATE
SAN-YANG INTERTRADE CORPORATION,OUTRIGHT,60 DAYS,190298,209749018000,32,CORPORATION,194193,0,IMMEDIATE
SARAHLOUISE INC,OUTRIGHT,IMMEDIATE,150442,007787661000,13,CORPORATION,194299,13,IMMEDIATE
SAWASDEE MARKETING CORPORATION,OUTRIGHT,IMMEDIATE,190610,003982197000,22|25|29|34|35|38|50|78|92,CORPORATION,194044,29|30|34|35|36|37|50|72|78,IMMEDIATE
SBA EAST CORPORATION,OUTRIGHT,60 DAYS,190614,223789708000,30|32,CORPORATION,194280,32|83,IMMEDIATE
SCANASIA OVERSEAS  INC,OUTRIGHT,30 DAYS,190979,000144888000,50|72|80|92,CORPORATION,194364,72,IMMEDIATE
"SCENT AND BEAUTE, INC.",OUTRIGHT,IMMEDIATE,150686,007754230000,92,CORPORATION,194316,92,IMMEDIATE
SCENTIMENTALS INCORPORATED,OUTRIGHT,IMMEDIATE,150138,202321349000,38,CORPORATION,194122,30|38|83,IMMEDIATE
SDG FOOTWEAR PHILIPPINES INC,OUTRIGHT,IMMEDIATE,150524,007432284000,1,CORPORATION,194322,1|8,IMMEDIATE
SEAQUEST 168 PET SHOP,OUTRIGHT,30 DAYS,150584,213184664000,72,SOLE PROPRIETORSHIP,194363,72,IMMEDIATE
SEARCH COMMERCIAL INCORPORATED,OUTRIGHT,IMMEDIATE,190374,215805631000,34|50|92,CORPORATION,194107,34|50,IMMEDIATE
SENTROS CONCEPT FURNITURE INC,OUTRIGHT,60 DAYS,150177,239627406000,30|32,CORPORATION,194307,32,IMMEDIATE
SEVEN TREES HANDICRAFTS INC,OUTRIGHT,COD LESS 5%,190653,002563419000,22|33|38|50,CORPORATION,194153,0,IMMEDIATE
SEVILLA CANDLE FACTORY INC,OUTRIGHT,IMMEDIATE,190714,000243557000,38|50,CORPORATION,194129,38|83,IMMEDIATE
SHAWILL CORP.,OUTRIGHT,N/A,150672,006872573000,92,CORPORATION,194260,92,IMMEDIATE
SHERBROOKE POINTE INTERNATIONAL CORP.,OUTRIGHT,60 DAYS,150288,240958541000,29|50,CORPORATION,194223,50,IMMEDIATE
SHOE PLUS CORPORATION,STORE CONSIGNOR,IMMEDIATE,194336,207323708005,1|2,CORPORATION,190367,0,IMMEDIATE
SHOETECH GENERAL MDSG INC,OUTRIGHT,60 DAYS,150387,007259827000,1|3,CORPORATION,194278,1|11|2,IMMEDIATE
SHOWCASE DISPLAY CONCEPTS INC,OUTRIGHT,30 DAYS,150576,006926590000,68|81,CORPORATION,194348,68,IMMEDIATE
SHULAMMITE TRADING,OUTRIGHT,60 DAYS,190495,103921392001,3|68|81,SOLE PROPRIETORSHIP,194084,3|68|81,IMMEDIATE
SICHEL & SICHEL ENTERPRISE,OUTRIGHT,60 DAYS,150451,102253282000,92,SOLE PROPRIETORSHIP,194149,21|22|68|92,IMMEDIATE
SIMON AGRIVENTURES CORPORATION,OUTRIGHT,30 DAYS,150680,009484074000,72,CORPORATION,194390,72,IMMEDIATE
"SIMON ENTERPRISES, INCORPORATED",OUTRIGHT,30 DAYS,150461,000070744000,72,CORPORATION,194332,72,IMMEDIATE
SITALDASONS INTERNATIONAL,OUTRIGHT,60 DAYS,190827,105362520000,13|17|29|30|34|35|36|37|50,SOLE PROPRIETORSHIP,194077,0,IMMEDIATE
SIXDEGREES INC.,STORE CONSIGNOR,IMMEDIATE,194312,007764648000,1|2|3|68|8,CORPORATION,150462,0,COD 7 DAYS
SKH HANDKERCHIEF MANUFACTURING INC,OUTRIGHT,IMMEDIATE,150508,008204247000,21|22|23,CORPORATION,194330,21,IMMEDIATE
SKIES MERCHANDISE SALES CORPORATION,STORE CONSIGNOR,IMMEDIATE,194072,004778191000,24|26,CORPORATION,190420,0,IMMEDIATE
SKIN PRESCRIPTIVES MARKETING INC,OUTRIGHT,IMMEDIATE,150625,000169672000,92,CORPORATION,194088,25|92,IMMEDIATE
SLEEP FACTORY INC,OUTRIGHT,60 DAYS,150585,008851369000,37,CORPORATION,194359,37|83,IMMEDIATE
SLOVENIA ASIA-PACIFICTRADE-EXPORT-IMPORT,OUTRIGHT,60 DAYS,190620,178930303000,38,SOLE PROPRIETORSHIP,194366,38|83,IMMEDIATE
SMARTSTYLE APPAREL AND FASHION INC.,STORE CONSIGNOR,IMMEDIATE,194235,006526868000,11|13|19,CORPORATION,150320,0,IMMEDIATE
SOFEDEL CORPORATION,OUTRIGHT,IMMEDIATE,150546,008507167000,33|38,CORPORATION,194346,30|33|38|83,IMMEDIATE
SOLANO VETERINARY AND CONSULTANCYSERVICES,OUTRIGHT,30 DAYS,150469,119894379000,72,SOLE PROPRIETORSHIP,194329,72,IMMEDIATE
SOLAR INDUSTRIES,OUTRIGHT,60 DAYS,190384,103310346000,26|81,SOLE PROPRIETORSHIP,194071,24|26|81,IMMEDIATE
SONAK CORPORATION,OUTRIGHT,60 DAYS,150637,008913923000,68|80,CORPORATION,194393,1|8,IMMEDIATE
SONIA TRADING,OUTRIGHT,60 DAYS,190306,100192580000,68|8|80|92,CORPORATION,194075,1,IMMEDIATE
SO-NICE INTERNATIONAL CORPORATION,OUTRIGHT,60 DAYS,190738,000145723000,92,CORPORATION,194040,92,IMMEDIATE
SOUVENIRS BY HANNAH & BIANCA,OUTRIGHT,IMMEDIATE,150289,103712455000,33,SOLE PROPRIETORSHIP,194173,33,IMMEDIATE
SPACE WORLD CORPORATION,STORE CONSIGNOR,IMMEDIATE,194134,003829043,50,CORPORATION,150109,0,IMMEDIATE
SPALLK CORP,OUTRIGHT,60 DAYS,150493,223329510000,17|21|23|92,CORPORATION,194327,21,IMMEDIATE
SPARKLING CREATIONS TRADING,OUTRIGHT,IMMEDIATE,150475,101594711005,33,SOLE PROPRIETORSHIP,194304,33,IMMEDIATE
SPEEDTECH TOYS INTERNATIONAL CORPORATION,STORE CONSIGNOR,IMMEDIATE,194213,243872613000,68,CORPORATION,150209,0,IMMEDIATE
SPICA DISTRIBUTION INTERNATIONAL INC.,OUTRIGHT,IMMEDIATE,150701,008327424000,72,CORPORATION,194401,72,IMMEDIATE
SPINDLETOP TRADING INTERNATIONAL,OUTRIGHT,IMMEDIATE,150439,244611733000,14|81,SOLE PROPRIETORSHIP,194398,13|17|19,IMMEDIATE
SPORTEUM PHILIPPINES INC,STORE CONSIGNOR,IMMEDIATE,194031,212675768000,1|11|2|21|26|8,CORPORATION,190363,0,IMMEDIATE
"SPRINT ASIA LOGISTICS, INC.",OUTRIGHT,IMMEDIATE,150294,239756713000,92,CORPORATION,194221,92,IMMEDIATE
SS COMMERCIAL INC,OUTRIGHT,60 DAYS,150458,242707642000,35,CORPORATION,194310,0,IMMEDIATE
STAR 360 PHILIPPINES INC.,OUTRIGHT,IMMEDIATE,150489,007944866000,78,CORPORATION,194328,68|78,IMMEDIATE
STAR GLAZE HANDICRAFT TRADING,OUTRIGHT,COD 7 DAYS,150396,279512577000,33|38,SOLE PROPRIETORSHIP,194281,33|83,IMMEDIATE
STARLIGHT HOMESSENCES INCORPORATED,OUTRIGHT,60 DAYS,150679,008117787000,50,CORPORATION,194324,50,IMMEDIATE
STARWAVE MULTI TRADING INC,OUTRIGHT,60 DAYS,150204,244809020000,11|13|14|18|33|81,CORPORATION,194361,11,IMMEDIATE
STEFANO FOOTWEAR CORPORATION,STORE CONSIGNOR,IMMEDIATE,194095,000356735000,1|2|3,CORPORATION,190551,0,IMMEDIATE
STERLING PAPER PRODUCTS ENTERPRISES INC,OUTRIGHT,IMMEDIATE,190163,000233514000,78,CORPORATION,194093,78,IMMEDIATE
STITCHWORKS MANUFACTURING CORPORATION,OUTRIGHT,60 DAYS,150510,008171866000,21|23|25|26|33|37|68|81|92,CORPORATION,194352,25|37|68,IMMEDIATE
STYLE WOOD FURNIZONE INC.,OUTRIGHT,60 DAYS,150605,008750293000,30,CORPORATION,194377,30,IMMEDIATE
SUISEN INC,OUTRIGHT,60 DAYS,150662,008277198000,68,CORPORATION,194356,68|72,IMMEDIATE
SUMMA SALES,STORE CONSIGNOR,IMMEDIATE,194224,103783731000,50|92,SOLE PROPRIETORSHIP,190242,0,IMMEDIATE
SUMMATRADE INTERNATIONAL CORPORATION,OUTRIGHT,30 DAYS,150274,228546560000,25|68|92,CORPORATION,194409,25,IMMEDIATE
SUMMIT PUBLISHING COMPANY INC,STORE CONSIGNOR,IMMEDIATE,194130,004624128000,25|30|50|52|68|72|78|92,CORPORATION,190524,0,30 DAYS
SUMMIT TOYS & SUNDRIES,OUTRIGHT,60 DAYS,190570,146448065000,21|22|29|35|36|38|50|68|78,SOLE PROPRIETORSHIP,194375,68,IMMEDIATE
SUNNEX PHILIPPINES INDUSTRIALCORPORATION,OUTRIGHT,60 DAYS,150487,007075867000,37,CORPORATION,194333,37|83,IMMEDIATE
SUNSHINE MULTI-PLUS CORPORATION,STORE CONSIGNOR,IMMEDIATE,194013,004678201000,50,CORPORATION,190173,0,IMMEDIATE
SUPERHEROES INC,OUTRIGHT,60 DAYS,150355,006926403000,23|26|81,CORPORATION,194252,23|81,IMMEDIATE
SUPERNATURAL TRADING CO.,OUTRIGHT,30 DAYS,150478,210950611000,72,PARTNERSHIP,194383,72,IMMEDIATE
SUYEN CORPORATION,OUTRIGHT,IMMEDIATE,190640,000844246000,25|92,CORPORATION,194078,11|12|14|15|18|2|21|22|24|92,IMMEDIATE
SWIRE MANHATTAN TRADING,OUTRIGHT,IMMEDIATE,190482,204990836000,37,SOLE PROPRIETORSHIP,194155,30|37|83,IMMEDIATE
SYNERGY SOURCING AND DEVELOPMENT GROUPINC,OUTRIGHT,60 DAYS,150394,007046009000,17|19|33|81,CORPORATION,194291,1|81,IMMEDIATE
T W & G INC,OUTRIGHT,IMMEDIATE,200023,004779829000,21|22|23|81,CORPORATION,204085,21|23|68|8,IMMEDIATE
T.P. FOOD PROCESSING CORPORATION,OUTRIGHT,30 DAYS,200468,000287042000,33|80,CORPORATION,204245,33,IMMEDIATE
T/S/C INTERNATIONAL DISTRIBUTION CO INC,OUTRIGHT,IMMEDIATE,200414,006748352000,2,CORPORATION,204219,2,IMMEDIATE
TABAQUERIA DE FILIPINAS INC,STORE CONSIGNOR,IMMEDIATE,204029,002624091000,33,CORPORATION,200662,0,IMMEDIATE
TAMSONS ENTERPRISES INC,OUTRIGHT,IMMEDIATE,200037,908335155000,50,CORPORATION,204031,50|78,IMMEDIATE
TANDEM GLOBAL VENTURES INTERNATIONALTRADING INC,OUTRIGHT,60 DAYS,200265,233795176000,30|32,CORPORATION,204092,38|83,IMMEDIATE
TAY SENG HOPIA & BAKERY,STORE CONSIGNOR,IMMEDIATE,204163,181948285000,80,SOLE PROPRIETORSHIP,200710,0,IMMEDIATE
TEAM MANILA GRAPHIC DESIGN STUDIO INC,STORE CONSIGNOR,IMMEDIATE,204162,233155764000,33,CORPORATION,200239,0,COD 7 DAYS
TECHTRENDS CORPORATION,OUTRIGHT,N/A,200491,006712632000,34,CORPORATION,204228,34,IMMEDIATE
TELECOM CONCEPTS INC,OUTRIGHT,60 DAYS,200171,005650716000,34,CORPORATION,204040,0,IMMEDIATE
"THE ASTRA GROUP, INC.",STORE CONSIGNOR,IMMEDIATE,204059,000061701000,34|50|52,CORPORATION,200210,0,IMMEDIATE
THE COTTONBASE MFG. CORP.,STORE CONSIGNOR,IMMEDIATE,204014,004710577,17|22,CORPORATION,200750,0,IMMEDIATE
THE GUASO PHILIPPINES INC,OUTRIGHT,60 DAYS,200426,000324906000,50|78,CORPORATION,204158,34|78,IMMEDIATE
THE NEAT INC.,OUTRIGHT,60 DAYS,140570,000382460000,1|2|3|33|68|81,CORPORATION,204221,29|36|68|83,IMMEDIATE
THE RAINS DELICACIES,OUTRIGHT,IMMEDIATE,200412,102293133001,80,SOLE PROPRIETORSHIP,204184,33,IMMEDIATE
THEO & PHILO CHOCOLATE FACTORY INC,OUTRIGHT,60 DAYS,200500,008501121000,33,CORPORATION,204238,33,IMMEDIATE
THINK ABT TOMORROW INC.,OUTRIGHT,30 DAYS,200519,008322525000,29,CORPORATION,204235,25|29|35|36|68|83,IMMEDIATE
"TIMES TRADING CO., INC.",OUTRIGHT,60 DAYS,200064,000326681000,50|68|78|92,CORPORATION,204037,34|50|68|78|92,IMMEDIATE
TITAY'S LILO-AN ROSQUILLOS & DELICACIESINC,OUTRIGHT,IMMEDIATE,200179,000071054000,33|82,CORPORATION,204164,80,IMMEDIATE
"TOCOMS PHILIPPINES, INC.",OUTRIGHT,IMMEDIATE,200089,207286531000,22|35,CORPORATION,204060,34,IMMEDIATE
TOKYO COLLECTIONS ENT INC,OUTRIGHT,60 DAYS,200375,000084890000,11|15|18|73,CORPORATION,204045,12,IMMEDIATE
TOKYO PACIFIC INDUSTRIAL CORP,OUTRIGHT,IMMEDIATE,200435,000295349000,13|17|22|23|81,CORPORATION,204137,17|21|22|23|68|81,IMMEDIATE
TONMAR MARKETING,OUTRIGHT,60 DAYS,200362,256408343000,13,SOLE PROPRIETORSHIP,204179,0,IMMEDIATE
TOONS88 SPECIALIST INC,OUTRIGHT,IMMEDIATE,200378,007272780000,1|26|3|68|81,CORPORATION,204196,3|68,IMMEDIATE
TOPLINE DIVERSIFIED INC,OUTRIGHT,60 DAYS,200344,006597046000,78,CORPORATION,204194,78,IMMEDIATE
TOY MASTER ENTERPRISES,OUTRIGHT,IMMEDIATE,200810,103777669000,68,SOLE PROPRIETORSHIP,204151,68,IMMEDIATE
TOYLANDS UNLIMITED INC,STORE CONSIGNOR,IMMEDIATE,204114,004564847000,68,CORPORATION,200085,0,IMMEDIATE
TRAJECITOS DE BEBE INTL CORP,OUTRIGHT,IMMEDIATE,200631,001007005000,12|13|14|17,CORPORATION,204006,13,IMMEDIATE
TRANSALES HEALTH AND BEAUTY MARKETING,OUTRIGHT,IMMEDIATE,200253,213151185000,29|50|78,SOLE PROPRIETORSHIP,204134,50,IMMEDIATE
TRENDYWORLD MARKETING CORPORATION,OUTRIGHT,IMMEDIATE,200173,223343374000,25|68,CORPORATION,204068,25|68,IMMEDIATE
TRENDZ 360 PHILIPPINES INC,OUTRIGHT,IMMEDIATE,200446,007135397000,21|8,CORPORATION,204225,1|2,IMMEDIATE
TRICOM DYNAMICS INC,OUTRIGHT,60 DAYS,200395,000172881000,34,CORPORATION,204199,0,IMMEDIATE
TRILLIONMINES TRADING INC.,OUTRIGHT,IMMEDIATE,200438,007647816000,21,CORPORATION,204195,21|22,IMMEDIATE
TRIPLE 8 AUTO SEAT COVER INC.,OUTRIGHT,IMMEDIATE,200492,008556505000,37,CORPORATION,204222,37|50|83,IMMEDIATE
TRIUMPH INTERNATIONAL (PHILS) INC,STORE CONSIGNOR,IMMEDIATE,204046,000281063000,12|15,CORPORATION,200444,0,IMMEDIATE
TRI-UNION INTERNATIONAL CORPORATION,STORE CONSIGNOR,IMMEDIATE,204135,000323726000,11|12|13|18|19,CORPORATION,200293,0,IMMEDIATE
TRULY RICH GLOBAL ENTERPRISE INC.,OUTRIGHT,IMMEDIATE,200531,492363729000,25,CORPORATION,204251,25,IMMEDIATE
TSM SALES INC,OUTRIGHT,IMMEDIATE,200445,231303100000,21,CORPORATION,204187,72,IMMEDIATE
TST MKTG,STORE CONSIGNOR,IMMEDIATE,204130,103280693,11|12,CORPORATION,200307,0,60 DAYS
TUMANDOK CRAFTS INDUSTRIES,OUTRIGHT,60 DAYS,200682,113630314000,33,SOLE PROPRIETORSHIP,204154,33,IMMEDIATE
"UCC UESHIMA COFFEE PHILIPPINES, INC",OUTRIGHT,60 DAYS,210284,008144823000,80|92,CORPORATION,214064,34,IMMEDIATE
ULTIMATE EXIM TRADING & DEVELOPMENT CO.,OUTRIGHT,60 DAYS,210245,007085851000,50,CORPORATION,214043,50,IMMEDIATE
ULTRA BGL INC,OUTRIGHT,60 DAYS,210021,003934827000,80|92,CORPORATION,214016,0,IMMEDIATE
UNCLE COTTAGE INDUSTRIES,OUTRIGHT,COD LESS 5%,210068,103941902000,20|25|32|37|38|68,CORPORATION,214017,30,IMMEDIATE
"UNIC PAPER PHILS., INC.",STORE CONSIGNOR,IMMEDIATE,214164,000382954,78,CORPORATION,210052,0,IMMEDIATE
UNICORN GARMENTS & TEXTILES,STORE CONSIGNOR,IMMEDIATE,214028,104008740000,13|14,CORPORATION,210012,0,IMMEDIATE
UNION GLOBAL MARKETING CORPORATION,OUTRIGHT,IMMEDIATE,210240,006515009000,34,CORPORATION,214042,50,IMMEDIATE
UNISELL CORPORATION,OUTRIGHT,60 DAYS,210135,000383793000,21|22|25|50|72|92,CORPORATION,214010,72|92,IMMEDIATE
UNISPHERE INTERNATIONAL INC,STORE CONSIGNOR,IMMEDIATE,214014,000359133000,22|92,CORPORATION,210095,0,IMMEDIATE
UNISPORT MARKETING CORPORATION,OUTRIGHT,IMMEDIATE,210229,000201041000,1|2|3,CORPORATION,214033,8,IMMEDIATE
UNITED HOUSEWARE MKTG. INC.,OUTRIGHT,60 DAYS,210262,007172173000,20|29|30|33|37,CORPORATION,214048,35|36,IMMEDIATE
"UNITED IMPULSE, INC.",OUTRIGHT,60 DAYS,210160,220274597000,13|17|18|19|68|81,CORPORATION,214031,13|17|19|68|81,IMMEDIATE
UNIVERSAL GAMEPLAY INTERNATIONALCORPORATION,OUTRIGHT,IMMEDIATE,120573,207055665000,68|81|92,CORPORATION,214046,3|68,IMMEDIATE
UNIVERSAL RECORDS INCORPORATED,STORE CONSIGNOR,IMMEDIATE,214001,000328369000,52,CORPORATION,210174,0,IMMEDIATE
UNIVERSAL STAINLESS WARE MANUFACTURINGCO INC,OUTRIGHT,IMMEDIATE,210031,000234695000,25|35|36,CORPORATION,214059,35|83,IMMEDIATE
UNIVERSAL TOWEL MANUFACTURING COMPANYINCORPORATED,OUTRIGHT,IMMEDIATE,210063,000232353000,23|25,CORPORATION,214012,15|21|25|37|66|83,IMMEDIATE
URBAN MAVERICK CORPORATION,STORE CONSIGNOR,IMMEDIATE,214026,212569426,13|17,CORPORATION,210188,0,IMMEDIATE
VALMARCE FOOD MARKETING CORP.,STORE CONSIGNOR,IMMEDIATE,224041,238055911004,80,CORPORATION,220112,0,IMMEDIATE
VARIETY INC,STORE CONSIGNOR,IMMEDIATE,224023,201520918000,22,CORPORATION,220087,0,IMMEDIATE
VAXILIFE CORP,OUTRIGHT,30 DAYS,220162,007978443000,72,CORPORATION,224070,72,IMMEDIATE
"VAYAO WAX MANUFACTURING, INC.",OUTRIGHT,60 DAYS,220369,000700022000,38|50,CORPORATION,224071,38,IMMEDIATE
VECO PAPER CORPORATION,OUTRIGHT,60 DAYS,220117,005147778000,68|78,CORPORATION,224044,0,IMMEDIATE
VERACOM ENTERPRISES,OUTRIGHT,60 DAYS,220115,195553384000,25|32|50|68,SOLE PROPRIETORSHIP,224043,32|68,IMMEDIATE
VERACOM WTG LTD CO,OUTRIGHT,IMMEDIATE,220151,008435621000,25|32|50|68,PARTNERSHIP,224065,68,IMMEDIATE
"VET SPECIALISTS, INC.",OUTRIGHT,30 DAYS,220109,003935254000,72,CORPORATION,224046,50|72,IMMEDIATE
VIBELLE MANUFACTURING CORPORATION,OUTRIGHT,30 DAYS,220069,000244566000,92,CORPORATION,224040,92,IMMEDIATE
VICMA MARKETING CORPORATION,STORE CONSIGNOR,IMMEDIATE,224004,003929351010,50,CORPORATION,220219,0,IMMEDIATE
VISITA INTERNATIONAL PHILIPPINESINCORPORATED,OUTRIGHT,60 DAYS,220421,000149930000,50|68|78,CORPORATION,224001,21|68,IMMEDIATE
VITO PRINTS AND PIECES,STORE CONSIGNOR,IMMEDIATE,224047,121344798000,33,SOLE PROPRIETORSHIP,220116,0,IMMEDIATE
VIVA VIDEO INC,STORE CONSIGNOR,IMMEDIATE,224019,200395106000,25|33|52|68,CORPORATION,220433,0,IMMEDIATE
VKC INCORPORATED,STORE CONSIGNOR,IMMEDIATE,224037,223703031000,23|26,CORPORATION,220106,0,IMMEDIATE
"W HAIR CARE TOOLS, INC.",OUTRIGHT,IMMEDIATE,230258,236359467000,92,CORPORATION,234100,92,IMMEDIATE
WAGAS CRAFTS,OUTRIGHT,60 DAYS,230169,205983752000,33,SOLE PROPRIETORSHIP,234074,33,IMMEDIATE
WAMRUS TRADING INC D/B/A THE CATALOGSHOPPER,OUTRIGHT,60 DAYS,230188,003979917000,12|20|25|30|33|34|36|50|68|78|81|92,CORPORATION,234001,36|68|83,IMMEDIATE
WATERCARE INTERNATIONAL SALES INC,OUTRIGHT,IMMEDIATE,230209,006589770000,50,CORPORATION,234072,50,IMMEDIATE
WD CHARACTERS ESSENTIALS UNLIMITED CO,OUTRIGHT,60 DAYS,230151,240249301000,25|29|38|68|72,CORPORATION,234069,68|72|81|92,IMMEDIATE
WHITEPLANET INC.,STORE CONSIGNOR,IMMEDIATE,234094,008495253000,34|83|92,CORPORATION,230262,0,30 DAYS
WILKING GLOBAL INC,OUTRIGHT,30 DAYS,230208,007260663000,72,CORPORATION,234090,72,IMMEDIATE
WILSON ENTERPRISES,OUTRIGHT,60 DAYS,230321,103983813000,20|29|32|35|36|37|38,SOLE PROPRIETORSHIP,234081,38|83,IMMEDIATE
WINDWARD VENTURES,OUTRIGHT,60 DAYS,230198,242206646000,80|92,SOLE PROPRIETORSHIP,234075,92,IMMEDIATE
"WINDWARD VENTURES, INC.",OUTRIGHT,IMMEDIATE,230247,008731063000,92,CORPORATION,234097,92,IMMEDIATE
WINGS COLLECTION,OUTRIGHT,IMMEDIATE,230061,207525632000,25|68|78,SOLE PROPRIETORSHIP,234091,25|68,IMMEDIATE
WIN-OL BUSINESS VENTURES INC,OUTRIGHT,IMMEDIATE,230230,008270543000,81,CORPORATION,234093,81,IMMEDIATE
WINWORTH TRADE INTERNATIONAL,OUTRIGHT,60 DAYS,230107,121106148000,11|12|13|14|15|17|19|33|43|78,SOLE PROPRIETORSHIP,234065,0,IMMEDIATE
WONPRO PHILS INC,STORE CONSIGNOR,IMMEDIATE,234053,216202619000,50,CORPORATION,230100,0,IMMEDIATE
WORLD CLASS CONCEPTS CORP,OUTRIGHT,60 DAYS,230196,007319338000,29,CORPORATION,234079,29|34|35|36|83,IMMEDIATE
WYNONAH'S HOME CREATION,OUTRIGHT,60 DAYS,230102,219312955000,20|29|32|33|35|37|38,SOLE PROPRIETORSHIP,234062,33|37|83,IMMEDIATE
YARNTEX MANUFACTURING CORPORATION,OUTRIGHT,60 DAYS,250109,001838464,21|22|23,CORPORATION,254001,23,IMMEDIATE
YUMEI MISE MANUFACTURING & MDSE INC,OUTRIGHT,60 DAYS,250039,006928365000,92,CORPORATION,254021,92,IMMEDIATE
ZAMONY VENTURE CORPORATION,OUTRIGHT,IMMEDIATE,260232,006342282000,34,CORPORATION,264009,34|52,IMMEDIATE
ZINVEN INTERNATIONAL CORPORATION,OUTRIGHT,IMMEDIATE,260356,008107735000,25,CORPORATION,264016,34|35|36|83,IMMEDIATE
